user_id,activity_id,preference
0,0,-1.0
0,1,-1.0
0,2,0.042074548751723895
0,3,0.15230273872654765
0,4,-1.0
0,5,-1.0
0,6,-1.0
0,7,-1.0
0,8,0.2920864363100726
0,9,-1.0
0,10,-1.0
0,11,-1.0
0,12,-1.0
0,13,0.14718372591141393
0,14,-1.0
0,15,-1.0
0,16,-1.0
0,17,-1.0
0,18,-1.0
0,19,-1.0
0,20,0.8739281497326639
0,21,-1.0
0,22,-1.0
0,23,-1.0
0,24,-1.0
0,25,-1.0
0,26,-1.0
0,27,-1.0
0,28,-1.0
0,29,0.1752101945586262
0,30,-1.0
0,31,-1.0
0,32,0.44334720338215594
0,33,-1.0
0,34,-1.0
0,35,-1.0
0,36,0.16330147319044458
0,37,-1.0
0,38,-1.0
0,39,-1.0
0,40,-1.0
0,41,-1.0
0,42,-1.0
0,43,-1.0
0,44,-1.0
0,45,-1.0
0,46,0.8674501360913678
0,47,-1.0
0,48,-1.0
0,49,-1.0
0,50,-1.0
0,51,-1.0
0,52,-1.0
0,53,-1.0
0,54,-1.0
0,55,-1.0
0,56,-1.0
0,57,0.2904464428185353
0,58,0.28032391208804097
0,59,-1.0
0,60,-1.0
0,61,-1.0
0,62,0.2850956867645149
0,63,-1.0
0,64,-1.0
0,65,-1.0
0,66,-1.0
0,67,0.7513551724866289
0,68,-1.0
0,69,-1.0
0,70,-1.0
0,71,-1.0
0,72,-1.0
0,73,-1.0
0,74,-1.0
0,75,-1.0
0,76,0.2985585861463898
0,77,-1.0
0,78,-1.0
0,79,-1.0
0,80,-1.0
0,81,-1.0
0,82,-1.0
0,83,-1.0
0,84,-1.0
0,85,0.20011603376941262
0,86,-1.0
0,87,-1.0
0,88,-1.0
0,89,-1.0
0,90,0.4652366620677187
0,91,-1.0
0,92,-1.0
0,93,0.1294696920901825
0,94,-1.0
0,95,0.1442938053933246
0,96,-1.0
0,97,-1.0
0,98,-1.0
0,99,-1.0
0,100,-1.0
0,101,-1.0
0,102,-1.0
0,103,-1.0
0,104,-1.0
0,105,-1.0
0,106,-1.0
0,107,-1.0
0,108,-1.0
0,109,-1.0
0,110,-1.0
0,111,0.7543806097629582
1,0,-1.0
1,1,-1.0
1,2,0.19141039186024983
1,3,-1.0
1,4,-1.0
1,5,-1.0
1,6,-1.0
1,7,-1.0
1,8,-1.0
1,9,-1.0
1,10,-1.0
1,11,-1.0
1,12,-1.0
1,13,-1.0
1,14,-1.0
1,15,-1.0
1,16,-1.0
1,17,-1.0
1,18,-1.0
1,19,-1.0
1,20,0.221239005899307
1,21,-1.0
1,22,-1.0
1,23,0.1162375737922996
1,24,-1.0
1,25,-1.0
1,26,-1.0
1,27,0.3682876017063449
1,28,-1.0
1,29,-1.0
1,30,-1.0
1,31,-1.0
1,32,0.7410070501941296
1,33,0.8743145952340128
1,34,0.7030919821802347
1,35,0.9105284551439643
1,36,-1.0
1,37,-1.0
1,38,-1.0
1,39,-1.0
1,40,-1.0
1,41,-1.0
1,42,-1.0
1,43,-1.0
1,44,0.16605699255004147
1,45,-1.0
1,46,-1.0
1,47,-1.0
1,48,0.31633231481676405
1,49,-1.0
1,50,0.04737027958528439
1,51,0.18510865326365628
1,52,-1.0
1,53,-1.0
1,54,-1.0
1,55,0.8863966442368564
1,56,0.9261855455435607
1,57,-1.0
1,58,-1.0
1,59,-1.0
1,60,-1.0
1,61,-1.0
1,62,-1.0
1,63,0.08046286024651322
1,64,-1.0
1,65,-1.0
1,66,-1.0
1,67,-1.0
1,68,-1.0
1,69,-1.0
1,70,-1.0
1,71,-1.0
1,72,-1.0
1,73,-1.0
1,74,-1.0
1,75,-1.0
1,76,-1.0
1,77,-1.0
1,78,-1.0
1,79,-1.0
1,80,-1.0
1,81,-1.0
1,82,-1.0
1,83,-1.0
1,84,-1.0
1,85,-1.0
1,86,-1.0
1,87,-1.0
1,88,-1.0
1,89,-1.0
1,90,-1.0
1,91,-1.0
1,92,-1.0
1,93,-1.0
1,94,-1.0
1,95,-1.0
1,96,-1.0
1,97,-1.0
1,98,-1.0
1,99,0.9994462252827635
1,100,-1.0
1,101,-1.0
1,102,-1.0
1,103,-1.0
1,104,-1.0
1,105,-1.0
1,106,-1.0
1,107,-1.0
1,108,-1.0
1,109,-1.0
1,110,-1.0
1,111,-1.0
2,0,-1.0
2,1,-1.0
2,2,-1.0
2,3,-1.0
2,4,-1.0
2,5,0.31057316648985434
2,6,-1.0
2,7,-1.0
2,8,-1.0
2,9,0.43833785576974205
2,10,-1.0
2,11,-1.0
2,12,0.8751892939283631
2,13,-1.0
2,14,0.8021024288846257
2,15,-1.0
2,16,-1.0
2,17,-1.0
2,18,-1.0
2,19,-1.0
2,20,-1.0
2,21,-1.0
2,22,-1.0
2,23,-1.0
2,24,0.006165759181987196
2,25,0.3640676396312129
2,26,-1.0
2,27,-1.0
2,28,-1.0
2,29,-1.0
2,30,-1.0
2,31,-1.0
2,32,0.3507632707951391
2,33,0.1921711432327688
2,34,-1.0
2,35,-1.0
2,36,-1.0
2,37,-1.0
2,38,-1.0
2,39,-1.0
2,40,-1.0
2,41,-1.0
2,42,-1.0
2,43,-1.0
2,44,-1.0
2,45,-1.0
2,46,-1.0
2,47,-1.0
2,48,-1.0
2,49,-1.0
2,50,-1.0
2,51,-1.0
2,52,0.3763747375232835
2,53,-1.0
2,54,-1.0
2,55,0.43004770287643285
2,56,-1.0
2,57,-1.0
2,58,-1.0
2,59,-1.0
2,60,-1.0
2,61,-1.0
2,62,-1.0
2,63,-1.0
2,64,-1.0
2,65,-1.0
2,66,-1.0
2,67,-1.0
2,68,-1.0
2,69,-1.0
2,70,-1.0
2,71,-1.0
2,72,-1.0
2,73,-1.0
2,74,-1.0
2,75,-1.0
2,76,-1.0
2,77,-1.0
2,78,-1.0
2,79,-1.0
2,80,0.11228959191341192
2,81,-1.0
2,82,-1.0
2,83,-1.0
2,84,-1.0
2,85,-1.0
2,86,-1.0
2,87,-1.0
2,88,-1.0
2,89,-1.0
2,90,-1.0
2,91,-1.0
2,92,-1.0
2,93,0.39715722211554555
2,94,-1.0
2,95,-1.0
2,96,-1.0
2,97,-1.0
2,98,-1.0
2,99,-1.0
2,100,-1.0
2,101,-1.0
2,102,0.782253831625879
2,103,0.9377708328294901
2,104,-1.0
2,105,-1.0
2,106,-1.0
2,107,-1.0
2,108,-1.0
2,109,-1.0
2,110,-1.0
2,111,-1.0
3,0,-1.0
3,1,-1.0
3,2,-1.0
3,3,0.1250172295742934
3,4,-1.0
3,5,-1.0
3,6,-1.0
3,7,-1.0
3,8,-1.0
3,9,-1.0
3,10,-1.0
3,11,0.7481103000268148
3,12,-1.0
3,13,-1.0
3,14,-1.0
3,15,-1.0
3,16,-1.0
3,17,0.02285374556623182
3,18,-1.0
3,19,0.22274021147317746
3,20,-1.0
3,21,-1.0
3,22,-1.0
3,23,0.370202638670317
3,24,-1.0
3,25,0.09697382416296746
3,26,-1.0
3,27,0.22627134397669674
3,28,-1.0
3,29,-1.0
3,30,-1.0
3,31,0.8912052878349411
3,32,-1.0
3,33,-1.0
3,34,0.7568240901374266
3,35,-1.0
3,36,-1.0
3,37,-1.0
3,38,-1.0
3,39,-1.0
3,40,-1.0
3,41,-1.0
3,42,-1.0
3,43,-1.0
3,44,-1.0
3,45,-1.0
3,46,-1.0
3,47,-1.0
3,48,-1.0
3,49,-1.0
3,50,-1.0
3,51,-1.0
3,52,-1.0
3,53,-1.0
3,54,-1.0
3,55,-1.0
3,56,-1.0
3,57,-1.0
3,58,-1.0
3,59,-1.0
3,60,-1.0
3,61,-1.0
3,62,-1.0
3,63,0.127957500648177
3,64,-1.0
3,65,-1.0
3,66,-1.0
3,67,-1.0
3,68,-1.0
3,69,0.3743226904342747
3,70,-1.0
3,71,-1.0
3,72,-1.0
3,73,-1.0
3,74,-1.0
3,75,-1.0
3,76,-1.0
3,77,-1.0
3,78,-1.0
3,79,-1.0
3,80,-1.0
3,81,-1.0
3,82,-1.0
3,83,-1.0
3,84,-1.0
3,85,-1.0
3,86,-1.0
3,87,-1.0
3,88,0.4217641471007696
3,89,-1.0
3,90,-1.0
3,91,-1.0
3,92,-1.0
3,93,-1.0
3,94,-1.0
3,95,0.9028321708120884
3,96,-1.0
3,97,0.7274406754507573
3,98,-1.0
3,99,-1.0
3,100,-1.0
3,101,-1.0
3,102,-1.0
3,103,-1.0
3,104,-1.0
3,105,-1.0
3,106,-1.0
3,107,-1.0
3,108,0.1257809492140371
3,109,-1.0
3,110,-1.0
3,111,-1.0
4,0,-1.0
4,1,-1.0
4,2,-1.0
4,3,-1.0
4,4,-1.0
4,5,-1.0
4,6,-1.0
4,7,-1.0
4,8,0.473930102652689
4,9,-1.0
4,10,-1.0
4,11,-1.0
4,12,0.44232005153741966
4,13,-1.0
4,14,-1.0
4,15,-1.0
4,16,-1.0
4,17,-1.0
4,18,-1.0
4,19,-1.0
4,20,-1.0
4,21,0.9825356496211097
4,22,-1.0
4,23,-1.0
4,24,-1.0
4,25,0.060860364713419046
4,26,-1.0
4,27,0.21701773108822375
4,28,-1.0
4,29,-1.0
4,30,0.4045484835205114
4,31,0.14749274968510695
4,32,-1.0
4,33,-1.0
4,34,-1.0
4,35,-1.0
4,36,-1.0
4,37,-1.0
4,38,0.26319649327218286
4,39,-1.0
4,40,-1.0
4,41,-1.0
4,42,-1.0
4,43,-1.0
4,44,-1.0
4,45,-1.0
4,46,-1.0
4,47,-1.0
4,48,-1.0
4,49,-1.0
4,50,0.20784626758697644
4,51,-1.0
4,52,-1.0
4,53,-1.0
4,54,-1.0
4,55,-1.0
4,56,0.37800491048633544
4,57,-1.0
4,58,-1.0
4,59,-1.0
4,60,-1.0
4,61,0.04882176315597725
4,62,0.3444617416947096
4,63,-1.0
4,64,-1.0
4,65,-1.0
4,66,-1.0
4,67,0.9105601684117763
4,68,-1.0
4,69,0.7240718259158859
4,70,-1.0
4,71,-1.0
4,72,-1.0
4,73,-1.0
4,74,-1.0
4,75,-1.0
4,76,-1.0
4,77,-1.0
4,78,-1.0
4,79,-1.0
4,80,-1.0
4,81,-1.0
4,82,-1.0
4,83,-1.0
4,84,0.44293164471798396
4,85,0.05669641698247463
4,86,-1.0
4,87,-1.0
4,88,-1.0
4,89,-1.0
4,90,-1.0
4,91,-1.0
4,92,-1.0
4,93,-1.0
4,94,-1.0
4,95,-1.0
4,96,-1.0
4,97,0.26462923483152545
4,98,-1.0
4,99,-1.0
4,100,-1.0
4,101,-1.0
4,102,-1.0
4,103,-1.0
4,104,-1.0
4,105,-1.0
4,106,-1.0
4,107,-1.0
4,108,-1.0
4,109,-1.0
4,110,0.7419756107883332
4,111,-1.0
5,0,-1.0
5,1,-1.0
5,2,-1.0
5,3,-1.0
5,4,0.8505480475427196
5,5,0.9804479798692776
5,6,0.3086010390878044
5,7,-1.0
5,8,-1.0
5,9,-1.0
5,10,-1.0
5,11,-1.0
5,12,-1.0
5,13,-1.0
5,14,-1.0
5,15,-1.0
5,16,-1.0
5,17,-1.0
5,18,-1.0
5,19,-1.0
5,20,-1.0
5,21,-1.0
5,22,-1.0
5,23,-1.0
5,24,-1.0
5,25,-1.0
5,26,-1.0
5,27,-1.0
5,28,0.9986665585740311
5,29,-1.0
5,30,-1.0
5,31,-1.0
5,32,-1.0
5,33,-1.0
5,34,-1.0
5,35,-1.0
5,36,-1.0
5,37,-1.0
5,38,-1.0
5,39,-1.0
5,40,0.38590682055078307
5,41,-1.0
5,42,-1.0
5,43,-1.0
5,44,-1.0
5,45,-1.0
5,46,-1.0
5,47,-1.0
5,48,-1.0
5,49,-1.0
5,50,0.7591743132886016
5,51,-1.0
5,52,-1.0
5,53,-1.0
5,54,-1.0
5,55,-1.0
5,56,-1.0
5,57,-1.0
5,58,-1.0
5,59,-1.0
5,60,-1.0
5,61,-1.0
5,62,-1.0
5,63,-1.0
5,64,-1.0
5,65,0.37505590156558993
5,66,-1.0
5,67,-1.0
5,68,0.4949711184462369
5,69,-1.0
5,70,-1.0
5,71,-1.0
5,72,-1.0
5,73,-1.0
5,74,-1.0
5,75,-1.0
5,76,-1.0
5,77,-1.0
5,78,-1.0
5,79,-1.0
5,80,-1.0
5,81,-1.0
5,82,-1.0
5,83,-1.0
5,84,-1.0
5,85,-1.0
5,86,-1.0
5,87,-1.0
5,88,-1.0
5,89,-1.0
5,90,-1.0
5,91,-1.0
5,92,0.7081411412747171
5,93,-1.0
5,94,-1.0
5,95,-1.0
5,96,-1.0
5,97,0.397403944616705
5,98,-1.0
5,99,0.41561661835104713
5,100,-1.0
5,101,0.014020449502525567
5,102,-1.0
5,103,0.45273312413904093
5,104,0.279257696596272
5,105,-1.0
5,106,0.485863200298595
5,107,-1.0
5,108,-1.0
5,109,0.11434646455397102
5,110,-1.0
5,111,-1.0
6,0,-1.0
6,1,-1.0
6,2,-1.0
6,3,-1.0
6,4,0.1903147757504876
6,5,-1.0
6,6,-1.0
6,7,-1.0
6,8,-1.0
6,9,0.06873492896683475
6,10,-1.0
6,11,-1.0
6,12,-1.0
6,13,-1.0
6,14,-1.0
6,15,0.7945350311568851
6,16,-1.0
6,17,0.8889785156408625
6,18,-1.0
6,19,-1.0
6,20,-1.0
6,21,0.27955261476663235
6,22,-1.0
6,23,-1.0
6,24,-1.0
6,25,-1.0
6,26,-1.0
6,27,-1.0
6,28,-1.0
6,29,-1.0
6,30,-1.0
6,31,-1.0
6,32,-1.0
6,33,-1.0
6,34,-1.0
6,35,-1.0
6,36,-1.0
6,37,-1.0
6,38,-1.0
6,39,-1.0
6,40,-1.0
6,41,-1.0
6,42,-1.0
6,43,-1.0
6,44,-1.0
6,45,0.29119845287793883
6,46,-1.0
6,47,-1.0
6,48,-1.0
6,49,0.4908482341626703
6,50,0.3533578713606458
6,51,-1.0
6,52,-1.0
6,53,-1.0
6,54,-1.0
6,55,-1.0
6,56,-1.0
6,57,-1.0
6,58,-1.0
6,59,-1.0
6,60,-1.0
6,61,-1.0
6,62,-1.0
6,63,-1.0
6,64,0.8470960234021218
6,65,-1.0
6,66,-1.0
6,67,-1.0
6,68,-1.0
6,69,-1.0
6,70,0.15640408614100682
6,71,0.06554505913316544
6,72,-1.0
6,73,-1.0
6,74,-1.0
6,75,-1.0
6,76,-1.0
6,77,-1.0
6,78,-1.0
6,79,0.8522102019008445
6,80,-1.0
6,81,0.17723887831374024
6,82,-1.0
6,83,-1.0
6,84,-1.0
6,85,-1.0
6,86,-1.0
6,87,-1.0
6,88,-1.0
6,89,-1.0
6,90,-1.0
6,91,-1.0
6,92,-1.0
6,93,-1.0
6,94,0.04624766540218611
6,95,-1.0
6,96,0.029085969100866416
6,97,-1.0
6,98,-1.0
6,99,-1.0
6,100,-1.0
6,101,-1.0
6,102,-1.0
6,103,-1.0
6,104,-1.0
6,105,0.851171063062083
6,106,-1.0
6,107,0.12271587769045816
6,108,-1.0
6,109,-1.0
6,110,-1.0
6,111,0.16278965713364535
7,0,-1.0
7,1,-1.0
7,2,-1.0
7,3,-1.0
7,4,-1.0
7,5,0.4858709718635734
7,6,-1.0
7,7,-1.0
7,8,-1.0
7,9,-1.0
7,10,-1.0
7,11,-1.0
7,12,0.14861402183294087
7,13,-1.0
7,14,-1.0
7,15,0.1447227506816391
7,16,-1.0
7,17,0.4279754193388326
7,18,-1.0
7,19,-1.0
7,20,-1.0
7,21,0.33876537253152506
7,22,0.10944339487125793
7,23,0.3039035348647412
7,24,-1.0
7,25,0.08082322779113682
7,26,-1.0
7,27,-1.0
7,28,0.030271345243590653
7,29,-1.0
7,30,-1.0
7,31,-1.0
7,32,-1.0
7,33,-1.0
7,34,-1.0
7,35,-1.0
7,36,-1.0
7,37,-1.0
7,38,-1.0
7,39,-1.0
7,40,0.006381694503963253
7,41,-1.0
7,42,0.15545725314049041
7,43,-1.0
7,44,-1.0
7,45,-1.0
7,46,-1.0
7,47,-1.0
7,48,-1.0
7,49,-1.0
7,50,-1.0
7,51,-1.0
7,52,0.14602524915305942
7,53,-1.0
7,54,-1.0
7,55,0.7366721199738202
7,56,-1.0
7,57,-1.0
7,58,-1.0
7,59,-1.0
7,60,0.32869831931400373
7,61,-1.0
7,62,-1.0
7,63,-1.0
7,64,-1.0
7,65,-1.0
7,66,-1.0
7,67,-1.0
7,68,-1.0
7,69,-1.0
7,70,-1.0
7,71,-1.0
7,72,-1.0
7,73,-1.0
7,74,-1.0
7,75,0.14007495632272232
7,76,-1.0
7,77,-1.0
7,78,0.17858781739548746
7,79,-1.0
7,80,0.022074973730914826
7,81,-1.0
7,82,0.7311527917314488
7,83,-1.0
7,84,-1.0
7,85,0.3191451609086461
7,86,-1.0
7,87,-1.0
7,88,-1.0
7,89,-1.0
7,90,-1.0
7,91,-1.0
7,92,0.334485539878484
7,93,-1.0
7,94,-1.0
7,95,-1.0
7,96,-1.0
7,97,-1.0
7,98,-1.0
7,99,-1.0
7,100,-1.0
7,101,-1.0
7,102,-1.0
7,103,-1.0
7,104,-1.0
7,105,-1.0
7,106,-1.0
7,107,-1.0
7,108,-1.0
7,109,-1.0
7,110,-1.0
7,111,-1.0
8,0,0.30055890599932816
8,1,-1.0
8,2,0.39637231770550896
8,3,-1.0
8,4,-1.0
8,5,-1.0
8,6,-1.0
8,7,-1.0
8,8,0.30344112179751215
8,9,-1.0
8,10,-1.0
8,11,0.28010994225351543
8,12,-1.0
8,13,-1.0
8,14,-1.0
8,15,-1.0
8,16,-1.0
8,17,-1.0
8,18,0.33643853976017957
8,19,-1.0
8,20,-1.0
8,21,-1.0
8,22,0.12242173973415271
8,23,-1.0
8,24,-1.0
8,25,-1.0
8,26,-1.0
8,27,-1.0
8,28,-1.0
8,29,-1.0
8,30,0.2993199278428397
8,31,-1.0
8,32,-1.0
8,33,-1.0
8,34,-1.0
8,35,-1.0
8,36,0.7428741345819796
8,37,0.8180429296261648
8,38,-1.0
8,39,-1.0
8,40,-1.0
8,41,-1.0
8,42,-1.0
8,43,-1.0
8,44,-1.0
8,45,-1.0
8,46,-1.0
8,47,-1.0
8,48,-1.0
8,49,0.14461273251859935
8,50,-1.0
8,51,0.13450571304169834
8,52,0.285885327344111
8,53,-1.0
8,54,-1.0
8,55,-1.0
8,56,-1.0
8,57,0.23246313693594534
8,58,-1.0
8,59,-1.0
8,60,-1.0
8,61,-1.0
8,62,0.84723647360523
8,63,0.9327764737508345
8,64,-1.0
8,65,-1.0
8,66,0.04237216479032446
8,67,-1.0
8,68,-1.0
8,69,-1.0
8,70,0.15759292028110378
8,71,-1.0
8,72,-1.0
8,73,-1.0
8,74,-1.0
8,75,0.3417356263998157
8,76,-1.0
8,77,-1.0
8,78,-1.0
8,79,-1.0
8,80,0.1096060071375522
8,81,0.1371911202764302
8,82,-1.0
8,83,-1.0
8,84,-1.0
8,85,-1.0
8,86,-1.0
8,87,-1.0
8,88,-1.0
8,89,-1.0
8,90,-1.0
8,91,-1.0
8,92,0.32248547739089994
8,93,-1.0
8,94,-1.0
8,95,0.052588937044998674
8,96,-1.0
8,97,-1.0
8,98,-1.0
8,99,0.0015376819308944856
8,100,-1.0
8,101,-1.0
8,102,-1.0
8,103,-1.0
8,104,-1.0
8,105,-1.0
8,106,-1.0
8,107,-1.0
8,108,-1.0
8,109,0.31861634797691385
8,110,-1.0
8,111,-1.0
9,0,-1.0
9,1,-1.0
9,2,0.981192366607798
9,3,-1.0
9,4,-1.0
9,5,-1.0
9,6,-1.0
9,7,-1.0
9,8,-1.0
9,9,-1.0
9,10,-1.0
9,11,-1.0
9,12,-1.0
9,13,-1.0
9,14,-1.0
9,15,-1.0
9,16,-1.0
9,17,-1.0
9,18,-1.0
9,19,-1.0
9,20,-1.0
9,21,-1.0
9,22,-1.0
9,23,0.04325981243086435
9,24,-1.0
9,25,-1.0
9,26,0.7124321415704649
9,27,-1.0
9,28,0.9600057646573379
9,29,-1.0
9,30,-1.0
9,31,-1.0
9,32,-1.0
9,33,-1.0
9,34,-1.0
9,35,-1.0
9,36,-1.0
9,37,-1.0
9,38,-1.0
9,39,-1.0
9,40,-1.0
9,41,-1.0
9,42,-1.0
9,43,-1.0
9,44,-1.0
9,45,-1.0
9,46,-1.0
9,47,-1.0
9,48,-1.0
9,49,-1.0
9,50,-1.0
9,51,-1.0
9,52,-1.0
9,53,-1.0
9,54,-1.0
9,55,-1.0
9,56,-1.0
9,57,-1.0
9,58,-1.0
9,59,-1.0
9,60,-1.0
9,61,-1.0
9,62,0.17200445424962602
9,63,-1.0
9,64,-1.0
9,65,-1.0
9,66,-1.0
9,67,-1.0
9,68,-1.0
9,69,-1.0
9,70,-1.0
9,71,0.33867136774026707
9,72,-1.0
9,73,-1.0
9,74,-1.0
9,75,-1.0
9,76,-1.0
9,77,-1.0
9,78,-1.0
9,79,-1.0
9,80,-1.0
9,81,-1.0
9,82,-1.0
9,83,-1.0
9,84,-1.0
9,85,-1.0
9,86,0.013711356312970158
9,87,-1.0
9,88,-1.0
9,89,-1.0
9,90,-1.0
9,91,0.9045511919966175
9,92,-1.0
9,93,-1.0
9,94,-1.0
9,95,-1.0
9,96,-1.0
9,97,-1.0
9,98,-1.0
9,99,-1.0
9,100,-1.0
9,101,-1.0
9,102,-1.0
9,103,-1.0
9,104,-1.0
9,105,0.304136613960552
9,106,-1.0
9,107,-1.0
9,108,-1.0
9,109,-1.0
9,110,-1.0
9,111,-1.0
10,0,-1.0
10,1,-1.0
10,2,-1.0
10,3,-1.0
10,4,-1.0
10,5,-1.0
10,6,-1.0
10,7,-1.0
10,8,-1.0
10,9,-1.0
10,10,-1.0
10,11,-1.0
10,12,0.2690498485352978
10,13,-1.0
10,14,-1.0
10,15,-1.0
10,16,-1.0
10,17,-1.0
10,18,-1.0
10,19,-1.0
10,20,-1.0
10,21,-1.0
10,22,-1.0
10,23,-1.0
10,24,-1.0
10,25,-1.0
10,26,-1.0
10,27,-1.0
10,28,-1.0
10,29,0.12618526304069144
10,30,-1.0
10,31,0.06159468135531648
10,32,0.4345855458592935
10,33,-1.0
10,34,-1.0
10,35,-1.0
10,36,-1.0
10,37,-1.0
10,38,0.16937705549471527
10,39,-1.0
10,40,-1.0
10,41,-1.0
10,42,-1.0
10,43,0.8691353064960795
10,44,-1.0
10,45,-1.0
10,46,-1.0
10,47,0.8964563891370461
10,48,-1.0
10,49,-1.0
10,50,-1.0
10,51,0.21019827292345367
10,52,-1.0
10,53,-1.0
10,54,-1.0
10,55,-1.0
10,56,-1.0
10,57,-1.0
10,58,-1.0
10,59,-1.0
10,60,-1.0
10,61,0.4103435449725601
10,62,-1.0
10,63,-1.0
10,64,-1.0
10,65,-1.0
10,66,-1.0
10,67,0.9156197205200582
10,68,-1.0
10,69,-1.0
10,70,-1.0
10,71,0.848016104425622
10,72,0.3029017600326221
10,73,-1.0
10,74,-1.0
10,75,-1.0
10,76,-1.0
10,77,-1.0
10,78,-1.0
10,79,-1.0
10,80,0.7885844390355126
10,81,-1.0
10,82,-1.0
10,83,-1.0
10,84,-1.0
10,85,-1.0
10,86,-1.0
10,87,-1.0
10,88,-1.0
10,89,-1.0
10,90,-1.0
10,91,-1.0
10,92,-1.0
10,93,-1.0
10,94,-1.0
10,95,-1.0
10,96,-1.0
10,97,-1.0
10,98,-1.0
10,99,-1.0
10,100,0.40502256388055247
10,101,0.20654176211346165
10,102,0.4139815144537223
10,103,-1.0
10,104,-1.0
10,105,-1.0
10,106,-1.0
10,107,-1.0
10,108,-1.0
10,109,-1.0
10,110,-1.0
10,111,-1.0
11,0,-1.0
11,1,-1.0
11,2,-1.0
11,3,-1.0
11,4,-1.0
11,5,0.35477618356888924
11,6,0.33938402707218873
11,7,-1.0
11,8,-1.0
11,9,-1.0
11,10,0.45688253966537634
11,11,-1.0
11,12,-1.0
11,13,0.7471295473053354
11,14,-1.0
11,15,-1.0
11,16,-1.0
11,17,-1.0
11,18,-1.0
11,19,-1.0
11,20,-1.0
11,21,0.21587601905261722
11,22,-1.0
11,23,0.4897630090062018
11,24,0.17738422584898933
11,25,-1.0
11,26,-1.0
11,27,0.3032635494011492
11,28,-1.0
11,29,-1.0
11,30,-1.0
11,31,-1.0
11,32,-1.0
11,33,0.33656429064553256
11,34,-1.0
11,35,-1.0
11,36,-1.0
11,37,-1.0
11,38,0.9713141124310861
11,39,-1.0
11,40,-1.0
11,41,-1.0
11,42,-1.0
11,43,-1.0
11,44,-1.0
11,45,0.18802224592398348
11,46,0.13762092878568588
11,47,-1.0
11,48,-1.0
11,49,-1.0
11,50,-1.0
11,51,-1.0
11,52,-1.0
11,53,-1.0
11,54,-1.0
11,55,-1.0
11,56,-1.0
11,57,-1.0
11,58,-1.0
11,59,-1.0
11,60,-1.0
11,61,-1.0
11,62,-1.0
11,63,-1.0
11,64,-1.0
11,65,-1.0
11,66,-1.0
11,67,-1.0
11,68,-1.0
11,69,-1.0
11,70,-1.0
11,71,0.2731991528348821
11,72,-1.0
11,73,-1.0
11,74,-1.0
11,75,-1.0
11,76,-1.0
11,77,-1.0
11,78,-1.0
11,79,-1.0
11,80,-1.0
11,81,0.3084526370510711
11,82,-1.0
11,83,0.21047725232873055
11,84,-1.0
11,85,-1.0
11,86,-1.0
11,87,-1.0
11,88,-1.0
11,89,-1.0
11,90,-1.0
11,91,-1.0
11,92,-1.0
11,93,0.38071327213941675
11,94,-1.0
11,95,-1.0
11,96,-1.0
11,97,-1.0
11,98,-1.0
11,99,-1.0
11,100,0.7649336247035464
11,101,0.9436968381175291
11,102,-1.0
11,103,0.7463363721538213
11,104,-1.0
11,105,-1.0
11,106,-1.0
11,107,-1.0
11,108,-1.0
11,109,-1.0
11,110,-1.0
11,111,-1.0
12,0,-1.0
12,1,-1.0
12,2,0.3582594264155222
12,3,-1.0
12,4,-1.0
12,5,-1.0
12,6,-1.0
12,7,-1.0
12,8,-1.0
12,9,-1.0
12,10,-1.0
12,11,-1.0
12,12,-1.0
12,13,-1.0
12,14,-1.0
12,15,-1.0
12,16,-1.0
12,17,0.10562722473246033
12,18,-1.0
12,19,-1.0
12,20,-1.0
12,21,-1.0
12,22,-1.0
12,23,-1.0
12,24,-1.0
12,25,-1.0
12,26,-1.0
12,27,-1.0
12,28,-1.0
12,29,-1.0
12,30,-1.0
12,31,-1.0
12,32,-1.0
12,33,-1.0
12,34,-1.0
12,35,-1.0
12,36,-1.0
12,37,-1.0
12,38,-1.0
12,39,-1.0
12,40,0.4834823556222074
12,41,-1.0
12,42,-1.0
12,43,-1.0
12,44,-1.0
12,45,-1.0
12,46,0.2676679694883038
12,47,-1.0
12,48,-1.0
12,49,-1.0
12,50,-1.0
12,51,-1.0
12,52,-1.0
12,53,0.28352418116146183
12,54,-1.0
12,55,-1.0
12,56,-1.0
12,57,-1.0
12,58,-1.0
12,59,-1.0
12,60,-1.0
12,61,-1.0
12,62,-1.0
12,63,-1.0
12,64,-1.0
12,65,-1.0
12,66,-1.0
12,67,-1.0
12,68,-1.0
12,69,-1.0
12,70,-1.0
12,71,-1.0
12,72,0.3948803767527942
12,73,-1.0
12,74,-1.0
12,75,-1.0
12,76,0.7722507619018749
12,77,-1.0
12,78,-1.0
12,79,-1.0
12,80,-1.0
12,81,0.36249866833364
12,82,0.9090567909001044
12,83,-1.0
12,84,-1.0
12,85,-1.0
12,86,-1.0
12,87,-1.0
12,88,-1.0
12,89,0.07360168535226425
12,90,-1.0
12,91,-1.0
12,92,-1.0
12,93,-1.0
12,94,-1.0
12,95,-1.0
12,96,-1.0
12,97,0.956604847198655
12,98,-1.0
12,99,-1.0
12,100,-1.0
12,101,-1.0
12,102,-1.0
12,103,-1.0
12,104,-1.0
12,105,-1.0
12,106,-1.0
12,107,-1.0
12,108,-1.0
12,109,-1.0
12,110,-1.0
12,111,0.29636535653645835
13,0,-1.0
13,1,-1.0
13,2,-1.0
13,3,0.7871985321007402
13,4,-1.0
13,5,-1.0
13,6,-1.0
13,7,-1.0
13,8,-1.0
13,9,-1.0
13,10,-1.0
13,11,-1.0
13,12,0.14991782613588028
13,13,-1.0
13,14,-1.0
13,15,0.2785651829064123
13,16,-1.0
13,17,-1.0
13,18,0.4043700981163714
13,19,-1.0
13,20,0.22910448150983137
13,21,-1.0
13,22,-1.0
13,23,-1.0
13,24,0.8600999133620482
13,25,-1.0
13,26,-1.0
13,27,-1.0
13,28,-1.0
13,29,-1.0
13,30,-1.0
13,31,0.4391736327641323
13,32,-1.0
13,33,-1.0
13,34,-1.0
13,35,-1.0
13,36,-1.0
13,37,-1.0
13,38,-1.0
13,39,-1.0
13,40,-1.0
13,41,0.2242316375305577
13,42,-1.0
13,43,-1.0
13,44,-1.0
13,45,-1.0
13,46,-1.0
13,47,-1.0
13,48,-1.0
13,49,-1.0
13,50,-1.0
13,51,-1.0
13,52,-1.0
13,53,-1.0
13,54,-1.0
13,55,-1.0
13,56,-1.0
13,57,-1.0
13,58,-1.0
13,59,-1.0
13,60,-1.0
13,61,-1.0
13,62,0.09272737670170667
13,63,-1.0
13,64,-1.0
13,65,0.1653767789175229
13,66,-1.0
13,67,-1.0
13,68,-1.0
13,69,-1.0
13,70,-1.0
13,71,-1.0
13,72,-1.0
13,73,0.22862405502690814
13,74,-1.0
13,75,-1.0
13,76,-1.0
13,77,-1.0
13,78,-1.0
13,79,-1.0
13,80,0.12633532255502478
13,81,-1.0
13,82,0.04297779884364167
13,83,-1.0
13,84,-1.0
13,85,-1.0
13,86,0.002570013183078479
13,87,-1.0
13,88,-1.0
13,89,-1.0
13,90,0.9513528451562054
13,91,-1.0
13,92,-1.0
13,93,0.7318666474997853
13,94,-1.0
13,95,-1.0
13,96,0.412495274910918
13,97,-1.0
13,98,-1.0
13,99,-1.0
13,100,-1.0
13,101,-1.0
13,102,-1.0
13,103,0.3751142573165503
13,104,-1.0
13,105,-1.0
13,106,-1.0
13,107,-1.0
13,108,-1.0
13,109,-1.0
13,110,-1.0
13,111,-1.0
14,0,-1.0
14,1,-1.0
14,2,-1.0
14,3,-1.0
14,4,-1.0
14,5,-1.0
14,6,0.7740207737114443
14,7,0.8202882918951839
14,8,0.8283451084734963
14,9,0.723222764538102
14,10,-1.0
14,11,-1.0
14,12,-1.0
14,13,0.4852431844758721
14,14,-1.0
14,15,-1.0
14,16,-1.0
14,17,-1.0
14,18,-1.0
14,19,-1.0
14,20,0.0495471826607804
14,21,-1.0
14,22,-1.0
14,23,-1.0
14,24,-1.0
14,25,-1.0
14,26,-1.0
14,27,-1.0
14,28,-1.0
14,29,-1.0
14,30,-1.0
14,31,-1.0
14,32,-1.0
14,33,-1.0
14,34,-1.0
14,35,-1.0
14,36,0.33628001189799667
14,37,-1.0
14,38,-1.0
14,39,-1.0
14,40,-1.0
14,41,-1.0
14,42,0.020532573183420055
14,43,-1.0
14,44,-1.0
14,45,-1.0
14,46,-1.0
14,47,-1.0
14,48,-1.0
14,49,-1.0
14,50,-1.0
14,51,-1.0
14,52,0.4666921815687923
14,53,-1.0
14,54,-1.0
14,55,-1.0
14,56,-1.0
14,57,0.975827333779257
14,58,-1.0
14,59,0.9889137920152249
14,60,-1.0
14,61,-1.0
14,62,0.3879133462191713
14,63,0.2609548065658727
14,64,-1.0
14,65,-1.0
14,66,-1.0
14,67,0.18971853876025147
14,68,-1.0
14,69,-1.0
14,70,0.12977618176963435
14,71,0.4220588966885012
14,72,-1.0
14,73,-1.0
14,74,-1.0
14,75,0.1820836642839197
14,76,-1.0
14,77,-1.0
14,78,-1.0
14,79,-1.0
14,80,0.12177981773825963
14,81,-1.0
14,82,-1.0
14,83,-1.0
14,84,-1.0
14,85,-1.0
14,86,-1.0
14,87,-1.0
14,88,-1.0
14,89,-1.0
14,90,-1.0
14,91,-1.0
14,92,-1.0
14,93,-1.0
14,94,-1.0
14,95,-1.0
14,96,-1.0
14,97,-1.0
14,98,0.9776477888022099
14,99,-1.0
14,100,-1.0
14,101,-1.0
14,102,-1.0
14,103,-1.0
14,104,-1.0
14,105,-1.0
14,106,-1.0
14,107,-1.0
14,108,-1.0
14,109,-1.0
14,110,0.45362288898597314
14,111,-1.0
15,0,-1.0
15,1,-1.0
15,2,-1.0
15,3,-1.0
15,4,-1.0
15,5,-1.0
15,6,-1.0
15,7,-1.0
15,8,-1.0
15,9,-1.0
15,10,-1.0
15,11,-1.0
15,12,0.14177516368302384
15,13,-1.0
15,14,-1.0
15,15,-1.0
15,16,-1.0
15,17,-1.0
15,18,-1.0
15,19,0.3084015611428472
15,20,-1.0
15,21,-1.0
15,22,-1.0
15,23,-1.0
15,24,-1.0
15,25,-1.0
15,26,-1.0
15,27,0.7143111760463602
15,28,-1.0
15,29,-1.0
15,30,-1.0
15,31,-1.0
15,32,0.24020493491810696
15,33,-1.0
15,34,-1.0
15,35,-1.0
15,36,-1.0
15,37,-1.0
15,38,-1.0
15,39,-1.0
15,40,-1.0
15,41,-1.0
15,42,-1.0
15,43,-1.0
15,44,-1.0
15,45,-1.0
15,46,-1.0
15,47,-1.0
15,48,0.9930244229159699
15,49,0.8821183284973475
15,50,-1.0
15,51,0.969157365202194
15,52,-1.0
15,53,-1.0
15,54,-1.0
15,55,0.282626224727804
15,56,-1.0
15,57,-1.0
15,58,-1.0
15,59,-1.0
15,60,-1.0
15,61,-1.0
15,62,-1.0
15,63,-1.0
15,64,-1.0
15,65,-1.0
15,66,-1.0
15,67,-1.0
15,68,-1.0
15,69,-1.0
15,70,-1.0
15,71,-1.0
15,72,-1.0
15,73,-1.0
15,74,-1.0
15,75,-1.0
15,76,-1.0
15,77,-1.0
15,78,-1.0
15,79,0.01695256895040137
15,80,-1.0
15,81,-1.0
15,82,-1.0
15,83,-1.0
15,84,-1.0
15,85,0.18576885256037612
15,86,-1.0
15,87,-1.0
15,88,-1.0
15,89,-1.0
15,90,-1.0
15,91,-1.0
15,92,-1.0
15,93,-1.0
15,94,-1.0
15,95,-1.0
15,96,-1.0
15,97,-1.0
15,98,-1.0
15,99,-1.0
15,100,-1.0
15,101,-1.0
15,102,-1.0
15,103,-1.0
15,104,-1.0
15,105,-1.0
15,106,-1.0
15,107,-1.0
15,108,-1.0
15,109,-1.0
15,110,-1.0
15,111,-1.0
16,0,-1.0
16,1,-1.0
16,2,-1.0
16,3,-1.0
16,4,0.031108546438999463
16,5,-1.0
16,6,-1.0
16,7,-1.0
16,8,0.801197788972432
16,9,-1.0
16,10,-1.0
16,11,-1.0
16,12,-1.0
16,13,-1.0
16,14,-1.0
16,15,-1.0
16,16,-1.0
16,17,-1.0
16,18,-1.0
16,19,0.2764272437021702
16,20,-1.0
16,21,-1.0
16,22,-1.0
16,23,0.40028727009381937
16,24,-1.0
16,25,-1.0
16,26,-1.0
16,27,-1.0
16,28,-1.0
16,29,-1.0
16,30,-1.0
16,31,-1.0
16,32,0.8919337945557607
16,33,-1.0
16,34,-1.0
16,35,-1.0
16,36,-1.0
16,37,-1.0
16,38,-1.0
16,39,-1.0
16,40,-1.0
16,41,0.4519758110754863
16,42,-1.0
16,43,-1.0
16,44,-1.0
16,45,-1.0
16,46,-1.0
16,47,-1.0
16,48,0.07155559909281389
16,49,0.03379244837972739
16,50,-1.0
16,51,-1.0
16,52,-1.0
16,53,-1.0
16,54,0.8599925686085782
16,55,-1.0
16,56,-1.0
16,57,-1.0
16,58,-1.0
16,59,-1.0
16,60,-1.0
16,61,0.38891121182638555
16,62,0.39942878922204117
16,63,-1.0
16,64,-1.0
16,65,-1.0
16,66,-1.0
16,67,-1.0
16,68,-1.0
16,69,-1.0
16,70,0.12382102626699637
16,71,-1.0
16,72,-1.0
16,73,-1.0
16,74,-1.0
16,75,-1.0
16,76,-1.0
16,77,-1.0
16,78,-1.0
16,79,-1.0
16,80,-1.0
16,81,0.022860444778659672
16,82,-1.0
16,83,-1.0
16,84,0.13471588793937234
16,85,-1.0
16,86,-1.0
16,87,-1.0
16,88,-1.0
16,89,-1.0
16,90,-1.0
16,91,-1.0
16,92,-1.0
16,93,-1.0
16,94,-1.0
16,95,-1.0
16,96,-1.0
16,97,-1.0
16,98,-1.0
16,99,-1.0
16,100,-1.0
16,101,0.45533508360275726
16,102,-1.0
16,103,0.466678625973512
16,104,-1.0
16,105,-1.0
16,106,-1.0
16,107,-1.0
16,108,0.03025312794787538
16,109,-1.0
16,110,-1.0
16,111,-1.0
17,0,0.21269055507447926
17,1,-1.0
17,2,-1.0
17,3,0.4514359985151921
17,4,-1.0
17,5,-1.0
17,6,-1.0
17,7,0.706801286745881
17,8,0.7488979745558202
17,9,-1.0
17,10,-1.0
17,11,-1.0
17,12,0.1202080984263193
17,13,-1.0
17,14,-1.0
17,15,-1.0
17,16,-1.0
17,17,-1.0
17,18,-1.0
17,19,-1.0
17,20,-1.0
17,21,-1.0
17,22,-1.0
17,23,0.007327984464081172
17,24,-1.0
17,25,-1.0
17,26,-1.0
17,27,-1.0
17,28,-1.0
17,29,-1.0
17,30,-1.0
17,31,-1.0
17,32,-1.0
17,33,-1.0
17,34,-1.0
17,35,-1.0
17,36,-1.0
17,37,-1.0
17,38,-1.0
17,39,-1.0
17,40,-1.0
17,41,-1.0
17,42,-1.0
17,43,0.18916151692852257
17,44,-1.0
17,45,-1.0
17,46,-1.0
17,47,-1.0
17,48,-1.0
17,49,0.45789015472739664
17,50,-1.0
17,51,-1.0
17,52,-1.0
17,53,-1.0
17,54,-1.0
17,55,-1.0
17,56,-1.0
17,57,-1.0
17,58,-1.0
17,59,0.7751450287360196
17,60,0.2719790220356791
17,61,-1.0
17,62,-1.0
17,63,-1.0
17,64,-1.0
17,65,-1.0
17,66,-1.0
17,67,-1.0
17,68,0.2722961548543586
17,69,-1.0
17,70,-1.0
17,71,-1.0
17,72,-1.0
17,73,-1.0
17,74,-1.0
17,75,0.33357140873998276
17,76,-1.0
17,77,-1.0
17,78,-1.0
17,79,-1.0
17,80,-1.0
17,81,-1.0
17,82,-1.0
17,83,-1.0
17,84,-1.0
17,85,-1.0
17,86,-1.0
17,87,-1.0
17,88,-1.0
17,89,-1.0
17,90,-1.0
17,91,-1.0
17,92,-1.0
17,93,-1.0
17,94,0.7716015507240822
17,95,0.8823761849968762
17,96,-1.0
17,97,-1.0
17,98,-1.0
17,99,-1.0
17,100,-1.0
17,101,-1.0
17,102,0.119145603028316
17,103,-1.0
17,104,-1.0
17,105,-1.0
17,106,-1.0
17,107,-1.0
17,108,-1.0
17,109,-1.0
17,110,-1.0
17,111,0.08401381414088838
18,0,-1.0
18,1,-1.0
18,2,-1.0
18,3,-1.0
18,4,-1.0
18,5,0.2019938755895886
18,6,-1.0
18,7,-1.0
18,8,0.786321931074356
18,9,-1.0
18,10,-1.0
18,11,-1.0
18,12,-1.0
18,13,-1.0
18,14,0.3506074925500146
18,15,-1.0
18,16,-1.0
18,17,0.3458113855246988
18,18,-1.0
18,19,-1.0
18,20,-1.0
18,21,-1.0
18,22,-1.0
18,23,-1.0
18,24,-1.0
18,25,-1.0
18,26,-1.0
18,27,0.1631707887617283
18,28,0.38623450591295977
18,29,-1.0
18,30,-1.0
18,31,-1.0
18,32,-1.0
18,33,-1.0
18,34,-1.0
18,35,-1.0
18,36,-1.0
18,37,-1.0
18,38,-1.0
18,39,-1.0
18,40,-1.0
18,41,-1.0
18,42,-1.0
18,43,-1.0
18,44,-1.0
18,45,-1.0
18,46,-1.0
18,47,-1.0
18,48,-1.0
18,49,-1.0
18,50,-1.0
18,51,-1.0
18,52,0.3171502473693608
18,53,-1.0
18,54,-1.0
18,55,-1.0
18,56,-1.0
18,57,-1.0
18,58,-1.0
18,59,-1.0
18,60,-1.0
18,61,-1.0
18,62,-1.0
18,63,-1.0
18,64,-1.0
18,65,-1.0
18,66,-1.0
18,67,-1.0
18,68,-1.0
18,69,-1.0
18,70,-1.0
18,71,-1.0
18,72,-1.0
18,73,0.9019741679621958
18,74,-1.0
18,75,0.18964491905870767
18,76,0.8931540899657779
18,77,-1.0
18,78,0.04711994421794424
18,79,-1.0
18,80,-1.0
18,81,-1.0
18,82,-1.0
18,83,-1.0
18,84,-1.0
18,85,-1.0
18,86,-1.0
18,87,-1.0
18,88,-1.0
18,89,-1.0
18,90,-1.0
18,91,-1.0
18,92,-1.0
18,93,-1.0
18,94,-1.0
18,95,-1.0
18,96,-1.0
18,97,-1.0
18,98,0.7425720450756569
18,99,0.8482740771867899
18,100,-1.0
18,101,-1.0
18,102,0.35351704260995565
18,103,0.475113694622892
18,104,-1.0
18,105,-1.0
18,106,-1.0
18,107,-1.0
18,108,-1.0
18,109,-1.0
18,110,-1.0
18,111,-1.0
19,0,-1.0
19,1,-1.0
19,2,-1.0
19,3,0.4000322007182151
19,4,0.42317510943149905
19,5,-1.0
19,6,0.9621139181173253
19,7,-1.0
19,8,-1.0
19,9,-1.0
19,10,-1.0
19,11,-1.0
19,12,-1.0
19,13,-1.0
19,14,0.01363354342243811
19,15,-1.0
19,16,-1.0
19,17,-1.0
19,18,-1.0
19,19,-1.0
19,20,-1.0
19,21,-1.0
19,22,-1.0
19,23,-1.0
19,24,-1.0
19,25,0.2624764993338897
19,26,-1.0
19,27,-1.0
19,28,-1.0
19,29,-1.0
19,30,0.8389582245782212
19,31,-1.0
19,32,-1.0
19,33,-1.0
19,34,-1.0
19,35,-1.0
19,36,-1.0
19,37,-1.0
19,38,-1.0
19,39,-1.0
19,40,-1.0
19,41,-1.0
19,42,-1.0
19,43,-1.0
19,44,-1.0
19,45,-1.0
19,46,-1.0
19,47,-1.0
19,48,-1.0
19,49,-1.0
19,50,-1.0
19,51,-1.0
19,52,-1.0
19,53,-1.0
19,54,-1.0
19,55,-1.0
19,56,0.9505514108165396
19,57,0.8195619860482333
19,58,-1.0
19,59,-1.0
19,60,0.017415305904075584
19,61,-1.0
19,62,-1.0
19,63,-1.0
19,64,-1.0
19,65,-1.0
19,66,0.4934540371966262
19,67,0.23441545902641564
19,68,-1.0
19,69,-1.0
19,70,-1.0
19,71,-1.0
19,72,-1.0
19,73,0.8795006887758383
19,74,-1.0
19,75,-1.0
19,76,0.9067526875751165
19,77,-1.0
19,78,-1.0
19,79,-1.0
19,80,0.3390796451393708
19,81,-1.0
19,82,-1.0
19,83,-1.0
19,84,-1.0
19,85,-1.0
19,86,-1.0
19,87,-1.0
19,88,-1.0
19,89,0.4473928703248479
19,90,-1.0
19,91,-1.0
19,92,-1.0
19,93,-1.0
19,94,-1.0
19,95,-1.0
19,96,-1.0
19,97,-1.0
19,98,-1.0
19,99,-1.0
19,100,-1.0
19,101,0.27446894966656216
19,102,-1.0
19,103,-1.0
19,104,-1.0
19,105,-1.0
19,106,-1.0
19,107,-1.0
19,108,0.04942723187480291
19,109,-1.0
19,110,-1.0
19,111,-1.0
20,0,-1.0
20,1,-1.0
20,2,0.4547930192817813
20,3,-1.0
20,4,-1.0
20,5,-1.0
20,6,-1.0
20,7,-1.0
20,8,-1.0
20,9,0.9189874833057884
20,10,-1.0
20,11,-1.0
20,12,0.09290308827313337
20,13,-1.0
20,14,-1.0
20,15,-1.0
20,16,-1.0
20,17,-1.0
20,18,-1.0
20,19,-1.0
20,20,0.43038104751116896
20,21,0.34556067262696655
20,22,-1.0
20,23,-1.0
20,24,-1.0
20,25,-1.0
20,26,-1.0
20,27,-1.0
20,28,-1.0
20,29,-1.0
20,30,-1.0
20,31,0.8445745755292727
20,32,-1.0
20,33,-1.0
20,34,-1.0
20,35,-1.0
20,36,-1.0
20,37,-1.0
20,38,-1.0
20,39,-1.0
20,40,-1.0
20,41,-1.0
20,42,-1.0
20,43,-1.0
20,44,0.19839148474780466
20,45,-1.0
20,46,-1.0
20,47,-1.0
20,48,0.4529487057259121
20,49,-1.0
20,50,-1.0
20,51,0.27016657953394535
20,52,-1.0
20,53,-1.0
20,54,0.9528298570826372
20,55,-1.0
20,56,-1.0
20,57,-1.0
20,58,-1.0
20,59,-1.0
20,60,-1.0
20,61,-1.0
20,62,0.42475958828327753
20,63,-1.0
20,64,-1.0
20,65,-1.0
20,66,-1.0
20,67,0.029742041570708477
20,68,-1.0
20,69,-1.0
20,70,-1.0
20,71,-1.0
20,72,-1.0
20,73,0.962094037768292
20,74,-1.0
20,75,-1.0
20,76,-1.0
20,77,-1.0
20,78,-1.0
20,79,-1.0
20,80,-1.0
20,81,-1.0
20,82,-1.0
20,83,-1.0
20,84,-1.0
20,85,-1.0
20,86,-1.0
20,87,-1.0
20,88,-1.0
20,89,-1.0
20,90,-1.0
20,91,-1.0
20,92,-1.0
20,93,-1.0
20,94,-1.0
20,95,0.7686162044384044
20,96,-1.0
20,97,-1.0
20,98,-1.0
20,99,-1.0
20,100,-1.0
20,101,-1.0
20,102,-1.0
20,103,-1.0
20,104,-1.0
20,105,-1.0
20,106,-1.0
20,107,-1.0
20,108,-1.0
20,109,-1.0
20,110,-1.0
20,111,-1.0
21,0,-1.0
21,1,0.2939310990697277
21,2,-1.0
21,3,-1.0
21,4,-1.0
21,5,-1.0
21,6,0.29526858148750496
21,7,-1.0
21,8,-1.0
21,9,-1.0
21,10,-1.0
21,11,-1.0
21,12,-1.0
21,13,-1.0
21,14,-1.0
21,15,-1.0
21,16,-1.0
21,17,-1.0
21,18,-1.0
21,19,-1.0
21,20,-1.0
21,21,-1.0
21,22,0.7428678134084427
21,23,-1.0
21,24,-1.0
21,25,-1.0
21,26,-1.0
21,27,0.3986641954496063
21,28,-1.0
21,29,-1.0
21,30,-1.0
21,31,-1.0
21,32,-1.0
21,33,0.09375583471760562
21,34,-1.0
21,35,-1.0
21,36,-1.0
21,37,-1.0
21,38,-1.0
21,39,0.39351921121525013
21,40,-1.0
21,41,-1.0
21,42,-1.0
21,43,-1.0
21,44,-1.0
21,45,-1.0
21,46,-1.0
21,47,-1.0
21,48,-1.0
21,49,-1.0
21,50,-1.0
21,51,-1.0
21,52,-1.0
21,53,-1.0
21,54,-1.0
21,55,0.07937241069985135
21,56,-1.0
21,57,-1.0
21,58,-1.0
21,59,-1.0
21,60,-1.0
21,61,-1.0
21,62,-1.0
21,63,-1.0
21,64,-1.0
21,65,-1.0
21,66,-1.0
21,67,-1.0
21,68,0.8819520230513272
21,69,-1.0
21,70,-1.0
21,71,-1.0
21,72,-1.0
21,73,-1.0
21,74,-1.0
21,75,-1.0
21,76,-1.0
21,77,-1.0
21,78,0.24977082569589598
21,79,-1.0
21,80,-1.0
21,81,-1.0
21,82,-1.0
21,83,-1.0
21,84,-1.0
21,85,-1.0
21,86,-1.0
21,87,-1.0
21,88,0.1628238225229815
21,89,-1.0
21,90,-1.0
21,91,-1.0
21,92,-1.0
21,93,-1.0
21,94,-1.0
21,95,0.4422445261047303
21,96,-1.0
21,97,0.4051703600739354
21,98,-1.0
21,99,-1.0
21,100,-1.0
21,101,0.0112415182622429
21,102,-1.0
21,103,0.1920604737465449
21,104,-1.0
21,105,-1.0
21,106,-1.0
21,107,-1.0
21,108,-1.0
21,109,-1.0
21,110,-1.0
21,111,-1.0
22,0,-1.0
22,1,-1.0
22,2,-1.0
22,3,-1.0
22,4,-1.0
22,5,-1.0
22,6,-1.0
22,7,-1.0
22,8,0.006493704910346287
22,9,-1.0
22,10,-1.0
22,11,-1.0
22,12,-1.0
22,13,0.44482895961136437
22,14,-1.0
22,15,-1.0
22,16,-1.0
22,17,-1.0
22,18,-1.0
22,19,-1.0
22,20,-1.0
22,21,-1.0
22,22,-1.0
22,23,-1.0
22,24,-1.0
22,25,-1.0
22,26,-1.0
22,27,-1.0
22,28,-1.0
22,29,-1.0
22,30,-1.0
22,31,-1.0
22,32,0.4509428339651067
22,33,-1.0
22,34,-1.0
22,35,-1.0
22,36,-1.0
22,37,-1.0
22,38,-1.0
22,39,-1.0
22,40,-1.0
22,41,-1.0
22,42,-1.0
22,43,-1.0
22,44,-1.0
22,45,-1.0
22,46,-1.0
22,47,-1.0
22,48,-1.0
22,49,-1.0
22,50,-1.0
22,51,-1.0
22,52,0.8283004067843194
22,53,-1.0
22,54,0.10378459875910828
22,55,0.26175337857028363
22,56,-1.0
22,57,0.39526776031467387
22,58,-1.0
22,59,0.4850117993959119
22,60,-1.0
22,61,0.32052316953990584
22,62,-1.0
22,63,-1.0
22,64,-1.0
22,65,0.3547022982625525
22,66,-1.0
22,67,-1.0
22,68,0.3825822523614384
22,69,0.1594395692130594
22,70,-1.0
22,71,-1.0
22,72,-1.0
22,73,0.019255215875724985
22,74,-1.0
22,75,-1.0
22,76,-1.0
22,77,0.4631400265854376
22,78,0.46346883006254935
22,79,0.2141497193164954
22,80,-1.0
22,81,0.4275983302198465
22,82,-1.0
22,83,-1.0
22,84,-1.0
22,85,-1.0
22,86,-1.0
22,87,-1.0
22,88,-1.0
22,89,-1.0
22,90,-1.0
22,91,-1.0
22,92,-1.0
22,93,-1.0
22,94,-1.0
22,95,-1.0
22,96,-1.0
22,97,0.3561292177601618
22,98,-1.0
22,99,-1.0
22,100,-1.0
22,101,-1.0
22,102,0.12257569859873452
22,103,-1.0
22,104,0.3939630861402876
22,105,-1.0
22,106,-1.0
22,107,-1.0
22,108,-1.0
22,109,-1.0
22,110,-1.0
22,111,-1.0
23,0,-1.0
23,1,-1.0
23,2,-1.0
23,3,-1.0
23,4,-1.0
23,5,-1.0
23,6,-1.0
23,7,-1.0
23,8,-1.0
23,9,-1.0
23,10,-1.0
23,11,-1.0
23,12,-1.0
23,13,0.06279559739261825
23,14,-1.0
23,15,-1.0
23,16,-1.0
23,17,-1.0
23,18,-1.0
23,19,-1.0
23,20,-1.0
23,21,-1.0
23,22,-1.0
23,23,0.7915600508109898
23,24,-1.0
23,25,-1.0
23,26,-1.0
23,27,-1.0
23,28,-1.0
23,29,-1.0
23,30,-1.0
23,31,-1.0
23,32,-1.0
23,33,-1.0
23,34,-1.0
23,35,-1.0
23,36,0.4395810932359795
23,37,-1.0
23,38,-1.0
23,39,0.17842843951994047
23,40,-1.0
23,41,-1.0
23,42,-1.0
23,43,-1.0
23,44,-1.0
23,45,-1.0
23,46,-1.0
23,47,-1.0
23,48,-1.0
23,49,-1.0
23,50,-1.0
23,51,-1.0
23,52,-1.0
23,53,-1.0
23,54,-1.0
23,55,-1.0
23,56,-1.0
23,57,-1.0
23,58,-1.0
23,59,-1.0
23,60,-1.0
23,61,-1.0
23,62,-1.0
23,63,-1.0
23,64,-1.0
23,65,-1.0
23,66,-1.0
23,67,-1.0
23,68,-1.0
23,69,-1.0
23,70,-1.0
23,71,0.9876082805151851
23,72,-1.0
23,73,-1.0
23,74,-1.0
23,75,-1.0
23,76,-1.0
23,77,0.3947945144563508
23,78,-1.0
23,79,-1.0
23,80,-1.0
23,81,-1.0
23,82,0.19301562063850147
23,83,-1.0
23,84,-1.0
23,85,-1.0
23,86,-1.0
23,87,-1.0
23,88,-1.0
23,89,-1.0
23,90,-1.0
23,91,0.13587781521554426
23,92,0.4436796378285177
23,93,-1.0
23,94,-1.0
23,95,-1.0
23,96,-1.0
23,97,0.4109890768475767
23,98,-1.0
23,99,-1.0
23,100,-1.0
23,101,-1.0
23,102,-1.0
23,103,-1.0
23,104,0.19057178983859846
23,105,-1.0
23,106,-1.0
23,107,0.7161182229357437
23,108,-1.0
23,109,-1.0
23,110,-1.0
23,111,-1.0
24,0,-1.0
24,1,0.07713924919619086
24,2,-1.0
24,3,-1.0
24,4,-1.0
24,5,-1.0
24,6,-1.0
24,7,0.8619154658677769
24,8,-1.0
24,9,-1.0
24,10,-1.0
24,11,-1.0
24,12,-1.0
24,13,-1.0
24,14,-1.0
24,15,-1.0
24,16,-1.0
24,17,-1.0
24,18,-1.0
24,19,-1.0
24,20,-1.0
24,21,-1.0
24,22,-1.0
24,23,-1.0
24,24,-1.0
24,25,-1.0
24,26,-1.0
24,27,-1.0
24,28,-1.0
24,29,-1.0
24,30,-1.0
24,31,-1.0
24,32,-1.0
24,33,-1.0
24,34,-1.0
24,35,-1.0
24,36,-1.0
24,37,-1.0
24,38,-1.0
24,39,-1.0
24,40,-1.0
24,41,-1.0
24,42,-1.0
24,43,0.0967802608073478
24,44,-1.0
24,45,-1.0
24,46,-1.0
24,47,-1.0
24,48,0.30070056872385365
24,49,-1.0
24,50,-1.0
24,51,-1.0
24,52,-1.0
24,53,-1.0
24,54,0.8101016561666482
24,55,-1.0
24,56,0.875652782986017
24,57,-1.0
24,58,0.9559680589500699
24,59,-1.0
24,60,-1.0
24,61,0.11805331079524628
24,62,-1.0
24,63,-1.0
24,64,-1.0
24,65,-1.0
24,66,-1.0
24,67,-1.0
24,68,-1.0
24,69,-1.0
24,70,-1.0
24,71,-1.0
24,72,0.06418020234844185
24,73,-1.0
24,74,-1.0
24,75,-1.0
24,76,-1.0
24,77,0.9114913820820417
24,78,-1.0
24,79,-1.0
24,80,-1.0
24,81,-1.0
24,82,-1.0
24,83,0.7778009294195836
24,84,-1.0
24,85,-1.0
24,86,-1.0
24,87,-1.0
24,88,-1.0
24,89,-1.0
24,90,-1.0
24,91,-1.0
24,92,-1.0
24,93,-1.0
24,94,-1.0
24,95,-1.0
24,96,0.9727982126442315
24,97,-1.0
24,98,-1.0
24,99,-1.0
24,100,-1.0
24,101,-1.0
24,102,-1.0
24,103,-1.0
24,104,-1.0
24,105,-1.0
24,106,-1.0
24,107,-1.0
24,108,-1.0
24,109,-1.0
24,110,-1.0
24,111,-1.0
25,0,-1.0
25,1,-1.0
25,2,-1.0
25,3,-1.0
25,4,-1.0
25,5,-1.0
25,6,-1.0
25,7,-1.0
25,8,-1.0
25,9,-1.0
25,10,-1.0
25,11,-1.0
25,12,-1.0
25,13,-1.0
25,14,-1.0
25,15,-1.0
25,16,-1.0
25,17,-1.0
25,18,-1.0
25,19,-1.0
25,20,0.48482115629286654
25,21,-1.0
25,22,-1.0
25,23,-1.0
25,24,-1.0
25,25,-1.0
25,26,-1.0
25,27,-1.0
25,28,-1.0
25,29,-1.0
25,30,0.7499539679373219
25,31,0.7198729692940292
25,32,-1.0
25,33,-1.0
25,34,-1.0
25,35,-1.0
25,36,-1.0
25,37,0.1862996674232179
25,38,-1.0
25,39,-1.0
25,40,-1.0
25,41,-1.0
25,42,-1.0
25,43,-1.0
25,44,-1.0
25,45,0.4841284642388202
25,46,-1.0
25,47,-1.0
25,48,-1.0
25,49,-1.0
25,50,0.2040606032219509
25,51,-1.0
25,52,-1.0
25,53,-1.0
25,54,-1.0
25,55,-1.0
25,56,-1.0
25,57,-1.0
25,58,-1.0
25,59,-1.0
25,60,-1.0
25,61,-1.0
25,62,-1.0
25,63,0.30227302798404604
25,64,0.19255161179253877
25,65,-1.0
25,66,-1.0
25,67,-1.0
25,68,0.0009604824762460829
25,69,-1.0
25,70,-1.0
25,71,-1.0
25,72,-1.0
25,73,-1.0
25,74,-1.0
25,75,-1.0
25,76,-1.0
25,77,-1.0
25,78,-1.0
25,79,-1.0
25,80,-1.0
25,81,-1.0
25,82,-1.0
25,83,-1.0
25,84,-1.0
25,85,-1.0
25,86,-1.0
25,87,-1.0
25,88,0.14880357040878645
25,89,-1.0
25,90,-1.0
25,91,-1.0
25,92,0.44276489032520905
25,93,-1.0
25,94,0.936265191761462
25,95,-1.0
25,96,-1.0
25,97,-1.0
25,98,-1.0
25,99,0.7681083366401964
25,100,-1.0
25,101,-1.0
25,102,-1.0
25,103,-1.0
25,104,-1.0
25,105,-1.0
25,106,-1.0
25,107,0.0939214237734316
25,108,-1.0
25,109,-1.0
25,110,0.16445726365952223
25,111,-1.0
26,0,-1.0
26,1,0.38708231767878026
26,2,-1.0
26,3,-1.0
26,4,-1.0
26,5,-1.0
26,6,-1.0
26,7,-1.0
26,8,-1.0
26,9,-1.0
26,10,-1.0
26,11,-1.0
26,12,0.8676915483012964
26,13,-1.0
26,14,-1.0
26,15,-1.0
26,16,-1.0
26,17,-1.0
26,18,-1.0
26,19,-1.0
26,20,7.95055916211207e-05
26,21,-1.0
26,22,-1.0
26,23,-1.0
26,24,-1.0
26,25,-1.0
26,26,-1.0
26,27,-1.0
26,28,-1.0
26,29,-1.0
26,30,0.3647140905056513
26,31,-1.0
26,32,-1.0
26,33,-1.0
26,34,-1.0
26,35,-1.0
26,36,-1.0
26,37,-1.0
26,38,-1.0
26,39,-1.0
26,40,-1.0
26,41,-1.0
26,42,-1.0
26,43,-1.0
26,44,-1.0
26,45,-1.0
26,46,-1.0
26,47,-1.0
26,48,-1.0
26,49,-1.0
26,50,-1.0
26,51,-1.0
26,52,0.4892934177031185
26,53,-1.0
26,54,-1.0
26,55,-1.0
26,56,-1.0
26,57,-1.0
26,58,-1.0
26,59,-1.0
26,60,-1.0
26,61,-1.0
26,62,-1.0
26,63,-1.0
26,64,-1.0
26,65,-1.0
26,66,-1.0
26,67,-1.0
26,68,-1.0
26,69,-1.0
26,70,-1.0
26,71,0.07321155145250119
26,72,-1.0
26,73,-1.0
26,74,-1.0
26,75,-1.0
26,76,-1.0
26,77,-1.0
26,78,-1.0
26,79,-1.0
26,80,-1.0
26,81,-1.0
26,82,-1.0
26,83,-1.0
26,84,-1.0
26,85,-1.0
26,86,-1.0
26,87,-1.0
26,88,-1.0
26,89,-1.0
26,90,-1.0
26,91,-1.0
26,92,-1.0
26,93,-1.0
26,94,0.23134229947716917
26,95,-1.0
26,96,-1.0
26,97,0.4184620670884208
26,98,-1.0
26,99,-1.0
26,100,-1.0
26,101,-1.0
26,102,-1.0
26,103,-1.0
26,104,-1.0
26,105,-1.0
26,106,0.08395158411631287
26,107,-1.0
26,108,0.023466002381508422
26,109,0.26599782286138623
26,110,-1.0
26,111,-1.0
27,0,-1.0
27,1,-1.0
27,2,-1.0
27,3,-1.0
27,4,-1.0
27,5,-1.0
27,6,-1.0
27,7,-1.0
27,8,-1.0
27,9,-1.0
27,10,-1.0
27,11,0.1850000230637377
27,12,-1.0
27,13,-1.0
27,14,0.9015319171074003
27,15,-1.0
27,16,-1.0
27,17,-1.0
27,18,-1.0
27,19,0.1734222554289951
27,20,-1.0
27,21,-1.0
27,22,-1.0
27,23,-1.0
27,24,0.43542747754990185
27,25,-1.0
27,26,-1.0
27,27,-1.0
27,28,-1.0
27,29,-1.0
27,30,-1.0
27,31,-1.0
27,32,0.25029572934090005
27,33,-1.0
27,34,-1.0
27,35,-1.0
27,36,-1.0
27,37,0.8825896673470655
27,38,-1.0
27,39,-1.0
27,40,0.8273793373682939
27,41,-1.0
27,42,-1.0
27,43,-1.0
27,44,-1.0
27,45,0.10104334893189976
27,46,-1.0
27,47,-1.0
27,48,-1.0
27,49,-1.0
27,50,-1.0
27,51,-1.0
27,52,-1.0
27,53,-1.0
27,54,-1.0
27,55,-1.0
27,56,-1.0
27,57,-1.0
27,58,0.3321602328686153
27,59,-1.0
27,60,-1.0
27,61,0.7268816513750755
27,62,-1.0
27,63,-1.0
27,64,0.7221761857395778
27,65,-1.0
27,66,-1.0
27,67,-1.0
27,68,0.2676234862137186
27,69,-1.0
27,70,-1.0
27,71,-1.0
27,72,0.2129100210607583
27,73,-1.0
27,74,-1.0
27,75,-1.0
27,76,-1.0
27,77,-1.0
27,78,-1.0
27,79,-1.0
27,80,-1.0
27,81,-1.0
27,82,-1.0
27,83,-1.0
27,84,-1.0
27,85,-1.0
27,86,-1.0
27,87,-1.0
27,88,-1.0
27,89,-1.0
27,90,-1.0
27,91,-1.0
27,92,0.36564122095560064
27,93,-1.0
27,94,-1.0
27,95,-1.0
27,96,-1.0
27,97,-1.0
27,98,-1.0
27,99,0.17690248641698703
27,100,-1.0
27,101,-1.0
27,102,0.7424243029767662
27,103,-1.0
27,104,-1.0
27,105,-1.0
27,106,0.12320083878476296
27,107,-1.0
27,108,-1.0
27,109,-1.0
27,110,-1.0
27,111,-1.0
28,0,-1.0
28,1,-1.0
28,2,-1.0
28,3,-1.0
28,4,-1.0
28,5,0.872219236227289
28,6,-1.0
28,7,-1.0
28,8,-1.0
28,9,-1.0
28,10,-1.0
28,11,-1.0
28,12,-1.0
28,13,-1.0
28,14,-1.0
28,15,-1.0
28,16,-1.0
28,17,-1.0
28,18,-1.0
28,19,-1.0
28,20,-1.0
28,21,-1.0
28,22,-1.0
28,23,-1.0
28,24,-1.0
28,25,-1.0
28,26,-1.0
28,27,-1.0
28,28,-1.0
28,29,-1.0
28,30,-1.0
28,31,-1.0
28,32,-1.0
28,33,-1.0
28,34,-1.0
28,35,-1.0
28,36,-1.0
28,37,0.03498313814913756
28,38,0.1802014174549817
28,39,-1.0
28,40,-1.0
28,41,-1.0
28,42,-1.0
28,43,-1.0
28,44,-1.0
28,45,-1.0
28,46,-1.0
28,47,-1.0
28,48,-1.0
28,49,-1.0
28,50,-1.0
28,51,0.7878784593023095
28,52,-1.0
28,53,-1.0
28,54,-1.0
28,55,-1.0
28,56,-1.0
28,57,0.4841857996037002
28,58,-1.0
28,59,0.09503892347408838
28,60,-1.0
28,61,-1.0
28,62,-1.0
28,63,-1.0
28,64,0.1227507740236558
28,65,-1.0
28,66,-1.0
28,67,-1.0
28,68,-1.0
28,69,-1.0
28,70,-1.0
28,71,-1.0
28,72,-1.0
28,73,-1.0
28,74,-1.0
28,75,-1.0
28,76,0.044435246072654644
28,77,-1.0
28,78,-1.0
28,79,-1.0
28,80,-1.0
28,81,-1.0
28,82,0.08271836428008927
28,83,-1.0
28,84,-1.0
28,85,-1.0
28,86,-1.0
28,87,-1.0
28,88,-1.0
28,89,-1.0
28,90,-1.0
28,91,-1.0
28,92,-1.0
28,93,-1.0
28,94,-1.0
28,95,-1.0
28,96,-1.0
28,97,-1.0
28,98,-1.0
28,99,-1.0
28,100,0.027298395778977136
28,101,0.009479760338277077
28,102,-1.0
28,103,-1.0
28,104,-1.0
28,105,-1.0
28,106,-1.0
28,107,-1.0
28,108,0.07981155248311134
28,109,0.46103896984643045
28,110,-1.0
28,111,-1.0
29,0,-1.0
29,1,0.4521072928592605
29,2,0.18921636920984042
29,3,0.14363843974518414
29,4,0.01732251452536493
29,5,-1.0
29,6,-1.0
29,7,-1.0
29,8,-1.0
29,9,-1.0
29,10,-1.0
29,11,-1.0
29,12,-1.0
29,13,0.9388327832643073
29,14,0.8467335395734705
29,15,-1.0
29,16,-1.0
29,17,-1.0
29,18,-1.0
29,19,-1.0
29,20,0.2972537604371638
29,21,-1.0
29,22,-1.0
29,23,-1.0
29,24,-1.0
29,25,-1.0
29,26,-1.0
29,27,-1.0
29,28,0.21606727987964525
29,29,0.25630492828798335
29,30,-1.0
29,31,0.06824522572844155
29,32,-1.0
29,33,0.3601762045082247
29,34,-1.0
29,35,-1.0
29,36,-1.0
29,37,-1.0
29,38,-1.0
29,39,-1.0
29,40,-1.0
29,41,-1.0
29,42,-1.0
29,43,-1.0
29,44,-1.0
29,45,-1.0
29,46,-1.0
29,47,0.31887914016167085
29,48,-1.0
29,49,-1.0
29,50,-1.0
29,51,-1.0
29,52,-1.0
29,53,-1.0
29,54,-1.0
29,55,-1.0
29,56,0.30788958647334014
29,57,-1.0
29,58,-1.0
29,59,0.3157533810764051
29,60,-1.0
29,61,-1.0
29,62,-1.0
29,63,-1.0
29,64,-1.0
29,65,-1.0
29,66,-1.0
29,67,-1.0
29,68,0.04508250257757479
29,69,-1.0
29,70,-1.0
29,71,-1.0
29,72,-1.0
29,73,-1.0
29,74,0.27263883823374885
29,75,-1.0
29,76,-1.0
29,77,-1.0
29,78,-1.0
29,79,-1.0
29,80,-1.0
29,81,-1.0
29,82,-1.0
29,83,-1.0
29,84,-1.0
29,85,0.9264514511548978
29,86,-1.0
29,87,-1.0
29,88,-1.0
29,89,0.1381619750955353
29,90,0.2620853730687893
29,91,-1.0
29,92,-1.0
29,93,-1.0
29,94,-1.0
29,95,-1.0
29,96,-1.0
29,97,-1.0
29,98,-1.0
29,99,-1.0
29,100,-1.0
29,101,0.7293737694545619
29,102,0.9455976817374564
29,103,-1.0
29,104,-1.0
29,105,-1.0
29,106,-1.0
29,107,-1.0
29,108,-1.0
29,109,0.09264703420640413
29,110,0.04965759739940001
29,111,-1.0
30,0,-1.0
30,1,-1.0
30,2,0.9193832421444893
30,3,-1.0
30,4,-1.0
30,5,-1.0
30,6,-1.0
30,7,-1.0
30,8,-1.0
30,9,0.22992510915261855
30,10,-1.0
30,11,-1.0
30,12,-1.0
30,13,0.04339973149362936
30,14,0.28826295285850373
30,15,0.35107380204031424
30,16,-1.0
30,17,-1.0
30,18,-1.0
30,19,-1.0
30,20,-1.0
30,21,-1.0
30,22,-1.0
30,23,-1.0
30,24,-1.0
30,25,-1.0
30,26,-1.0
30,27,-1.0
30,28,-1.0
30,29,0.9142524360684643
30,30,-1.0
30,31,-1.0
30,32,-1.0
30,33,-1.0
30,34,-1.0
30,35,0.33516954317566583
30,36,-1.0
30,37,-1.0
30,38,-1.0
30,39,-1.0
30,40,-1.0
30,41,0.18528129287847878
30,42,0.34626004340970584
30,43,0.3992414870152556
30,44,-1.0
30,45,-1.0
30,46,-1.0
30,47,-1.0
30,48,-1.0
30,49,-1.0
30,50,-1.0
30,51,0.7844760130233068
30,52,-1.0
30,53,-1.0
30,54,-1.0
30,55,-1.0
30,56,0.45997181684428184
30,57,-1.0
30,58,-1.0
30,59,-1.0
30,60,-1.0
30,61,-1.0
30,62,-1.0
30,63,-1.0
30,64,-1.0
30,65,-1.0
30,66,-1.0
30,67,0.17072894750956202
30,68,-1.0
30,69,-1.0
30,70,-1.0
30,71,-1.0
30,72,-1.0
30,73,0.041692870837340246
30,74,-1.0
30,75,-1.0
30,76,-1.0
30,77,-1.0
30,78,-1.0
30,79,-1.0
30,80,-1.0
30,81,-1.0
30,82,-1.0
30,83,-1.0
30,84,0.12401755625427746
30,85,-1.0
30,86,-1.0
30,87,-1.0
30,88,0.9826375163593182
30,89,-1.0
30,90,-1.0
30,91,-1.0
30,92,-1.0
30,93,-1.0
30,94,-1.0
30,95,-1.0
30,96,-1.0
30,97,-1.0
30,98,0.24857802282410107
30,99,0.32858700653173845
30,100,-1.0
30,101,-1.0
30,102,-1.0
30,103,-1.0
30,104,-1.0
30,105,-1.0
30,106,-1.0
30,107,-1.0
30,108,-1.0
30,109,-1.0
30,110,-1.0
30,111,-1.0
31,0,-1.0
31,1,-1.0
31,2,-1.0
31,3,-1.0
31,4,-1.0
31,5,0.12504051243736458
31,6,-1.0
31,7,-1.0
31,8,-1.0
31,9,-1.0
31,10,-1.0
31,11,-1.0
31,12,0.8242383508707237
31,13,-1.0
31,14,-1.0
31,15,-1.0
31,16,-1.0
31,17,-1.0
31,18,-1.0
31,19,-1.0
31,20,-1.0
31,21,0.18202314997041813
31,22,-1.0
31,23,-1.0
31,24,-1.0
31,25,-1.0
31,26,-1.0
31,27,-1.0
31,28,-1.0
31,29,-1.0
31,30,-1.0
31,31,-1.0
31,32,-1.0
31,33,-1.0
31,34,-1.0
31,35,-1.0
31,36,-1.0
31,37,-1.0
31,38,0.783912551929663
31,39,-1.0
31,40,-1.0
31,41,-1.0
31,42,-1.0
31,43,0.023184117683798633
31,44,0.19124314348488847
31,45,0.4812464461444171
31,46,-1.0
31,47,-1.0
31,48,-1.0
31,49,0.19524787699873303
31,50,0.0661753214310038
31,51,-1.0
31,52,-1.0
31,53,-1.0
31,54,-1.0
31,55,-1.0
31,56,-1.0
31,57,-1.0
31,58,-1.0
31,59,-1.0
31,60,-1.0
31,61,-1.0
31,62,-1.0
31,63,-1.0
31,64,-1.0
31,65,-1.0
31,66,-1.0
31,67,-1.0
31,68,0.4908001119402679
31,69,-1.0
31,70,-1.0
31,71,-1.0
31,72,-1.0
31,73,0.15761824403250396
31,74,-1.0
31,75,0.24323079868939879
31,76,-1.0
31,77,-1.0
31,78,-1.0
31,79,-1.0
31,80,-1.0
31,81,-1.0
31,82,-1.0
31,83,0.2044209889796128
31,84,-1.0
31,85,-1.0
31,86,-1.0
31,87,-1.0
31,88,0.1995775788953792
31,89,-1.0
31,90,-1.0
31,91,-1.0
31,92,-1.0
31,93,-1.0
31,94,-1.0
31,95,0.10650978948332973
31,96,-1.0
31,97,-1.0
31,98,-1.0
31,99,-1.0
31,100,-1.0
31,101,0.758199826931452
31,102,-1.0
31,103,-1.0
31,104,-1.0
31,105,-1.0
31,106,0.29292997175084035
31,107,-1.0
31,108,-1.0
31,109,0.4242666052940487
31,110,0.4700113567790288
31,111,-1.0
32,0,-1.0
32,1,-1.0
32,2,-1.0
32,3,-1.0
32,4,-1.0
32,5,-1.0
32,6,-1.0
32,7,-1.0
32,8,-1.0
32,9,-1.0
32,10,-1.0
32,11,-1.0
32,12,-1.0
32,13,-1.0
32,14,-1.0
32,15,-1.0
32,16,-1.0
32,17,-1.0
32,18,-1.0
32,19,0.7937326313299606
32,20,-1.0
32,21,-1.0
32,22,-1.0
32,23,-1.0
32,24,-1.0
32,25,0.03986276180576481
32,26,-1.0
32,27,-1.0
32,28,-1.0
32,29,-1.0
32,30,-1.0
32,31,-1.0
32,32,-1.0
32,33,0.08714729734819643
32,34,-1.0
32,35,-1.0
32,36,-1.0
32,37,-1.0
32,38,-1.0
32,39,-1.0
32,40,-1.0
32,41,-1.0
32,42,-1.0
32,43,-1.0
32,44,-1.0
32,45,-1.0
32,46,0.7919579037292078
32,47,-1.0
32,48,-1.0
32,49,-1.0
32,50,-1.0
32,51,0.14198046494509248
32,52,-1.0
32,53,-1.0
32,54,-1.0
32,55,-1.0
32,56,-1.0
32,57,0.26726866770255425
32,58,-1.0
32,59,-1.0
32,60,-1.0
32,61,-1.0
32,62,-1.0
32,63,-1.0
32,64,-1.0
32,65,0.07445358272471309
32,66,-1.0
32,67,-1.0
32,68,-1.0
32,69,0.7069427834849871
32,70,-1.0
32,71,-1.0
32,72,-1.0
32,73,0.3556467459111549
32,74,-1.0
32,75,0.27723103637389374
32,76,0.2982124718134786
32,77,-1.0
32,78,-1.0
32,79,-1.0
32,80,-1.0
32,81,0.8964879924054421
32,82,-1.0
32,83,0.39049092806372854
32,84,-1.0
32,85,-1.0
32,86,-1.0
32,87,-1.0
32,88,0.4753228620910381
32,89,-1.0
32,90,0.444028626254482
32,91,-1.0
32,92,-1.0
32,93,-1.0
32,94,-1.0
32,95,-1.0
32,96,-1.0
32,97,-1.0
32,98,-1.0
32,99,-1.0
32,100,0.43643867961600685
32,101,-1.0
32,102,-1.0
32,103,-1.0
32,104,-1.0
32,105,-1.0
32,106,-1.0
32,107,0.7329050468882177
32,108,-1.0
32,109,-1.0
32,110,-1.0
32,111,-1.0
33,0,-1.0
33,1,-1.0
33,2,0.019656545389896363
33,3,-1.0
33,4,-1.0
33,5,0.06492733421974906
33,6,-1.0
33,7,-1.0
33,8,-1.0
33,9,-1.0
33,10,-1.0
33,11,-1.0
33,12,-1.0
33,13,-1.0
33,14,-1.0
33,15,-1.0
33,16,0.4123724691440673
33,17,-1.0
33,18,-1.0
33,19,-1.0
33,20,-1.0
33,21,-1.0
33,22,-1.0
33,23,-1.0
33,24,-1.0
33,25,-1.0
33,26,-1.0
33,27,-1.0
33,28,-1.0
33,29,-1.0
33,30,-1.0
33,31,-1.0
33,32,-1.0
33,33,-1.0
33,34,-1.0
33,35,-1.0
33,36,-1.0
33,37,-1.0
33,38,-1.0
33,39,-1.0
33,40,-1.0
33,41,-1.0
33,42,-1.0
33,43,-1.0
33,44,-1.0
33,45,-1.0
33,46,-1.0
33,47,-1.0
33,48,-1.0
33,49,-1.0
33,50,-1.0
33,51,-1.0
33,52,-1.0
33,53,-1.0
33,54,-1.0
33,55,-1.0
33,56,-1.0
33,57,0.16207946623379071
33,58,-1.0
33,59,-1.0
33,60,-1.0
33,61,-1.0
33,62,-1.0
33,63,-1.0
33,64,-1.0
33,65,-1.0
33,66,-1.0
33,67,-1.0
33,68,-1.0
33,69,0.9103518601450535
33,70,-1.0
33,71,-1.0
33,72,-1.0
33,73,-1.0
33,74,-1.0
33,75,0.45862705606179227
33,76,-1.0
33,77,-1.0
33,78,0.05370017738251903
33,79,-1.0
33,80,-1.0
33,81,-1.0
33,82,-1.0
33,83,0.22602571553723994
33,84,-1.0
33,85,0.06383251575007354
33,86,-1.0
33,87,-1.0
33,88,0.06866610950954449
33,89,-1.0
33,90,0.0608233599011051
33,91,-1.0
33,92,-1.0
33,93,-1.0
33,94,-1.0
33,95,-1.0
33,96,-1.0
33,97,-1.0
33,98,0.3809815879568974
33,99,-1.0
33,100,-1.0
33,101,-1.0
33,102,-1.0
33,103,-1.0
33,104,-1.0
33,105,-1.0
33,106,-1.0
33,107,-1.0
33,108,-1.0
33,109,-1.0
33,110,-1.0
33,111,-1.0
34,0,-1.0
34,1,-1.0
34,2,0.4605663531494193
34,3,-1.0
34,4,0.10536056863036403
34,5,0.3689111279297981
34,6,-1.0
34,7,-1.0
34,8,-1.0
34,9,-1.0
34,10,-1.0
34,11,-1.0
34,12,-1.0
34,13,-1.0
34,14,-1.0
34,15,0.038486270098128716
34,16,-1.0
34,17,-1.0
34,18,-1.0
34,19,0.7675558130169964
34,20,-1.0
34,21,-1.0
34,22,-1.0
34,23,-1.0
34,24,-1.0
34,25,-1.0
34,26,-1.0
34,27,-1.0
34,28,0.10759491866976828
34,29,-1.0
34,30,-1.0
34,31,-1.0
34,32,-1.0
34,33,0.2582637386687559
34,34,-1.0
34,35,-1.0
34,36,-1.0
34,37,-1.0
34,38,-1.0
34,39,-1.0
34,40,-1.0
34,41,-1.0
34,42,0.993272571787235
34,43,-1.0
34,44,-1.0
34,45,-1.0
34,46,-1.0
34,47,-1.0
34,48,-1.0
34,49,-1.0
34,50,-1.0
34,51,-1.0
34,52,0.16275490429838002
34,53,-1.0
34,54,0.05529051836696158
34,55,-1.0
34,56,-1.0
34,57,-1.0
34,58,-1.0
34,59,-1.0
34,60,-1.0
34,61,-1.0
34,62,-1.0
34,63,-1.0
34,64,-1.0
34,65,-1.0
34,66,-1.0
34,67,-1.0
34,68,-1.0
34,69,-1.0
34,70,-1.0
34,71,-1.0
34,72,-1.0
34,73,0.45575755444802973
34,74,-1.0
34,75,-1.0
34,76,-1.0
34,77,0.19530184628295866
34,78,-1.0
34,79,-1.0
34,80,-1.0
34,81,-1.0
34,82,-1.0
34,83,-1.0
34,84,-1.0
34,85,-1.0
34,86,0.84970230459594
34,87,-1.0
34,88,-1.0
34,89,-1.0
34,90,-1.0
34,91,-1.0
34,92,0.3493998050765175
34,93,-1.0
34,94,-1.0
34,95,-1.0
34,96,-1.0
34,97,-1.0
34,98,-1.0
34,99,-1.0
34,100,0.41011363211332563
34,101,-1.0
34,102,-1.0
34,103,-1.0
34,104,-1.0
34,105,-1.0
34,106,-1.0
34,107,-1.0
34,108,-1.0
34,109,-1.0
34,110,-1.0
34,111,-1.0
35,0,-1.0
35,1,-1.0
35,2,-1.0
35,3,-1.0
35,4,0.9674595106265687
35,5,0.8711359386001591
35,6,0.3652704139053435
35,7,0.32019739333289643
35,8,-1.0
35,9,-1.0
35,10,-1.0
35,11,-1.0
35,12,0.39232456256355924
35,13,-1.0
35,14,-1.0
35,15,-1.0
35,16,-1.0
35,17,-1.0
35,18,-1.0
35,19,-1.0
35,20,-1.0
35,21,-1.0
35,22,0.022493117611137425
35,23,0.19104840513501475
35,24,-1.0
35,25,-1.0
35,26,-1.0
35,27,-1.0
35,28,-1.0
35,29,-1.0
35,30,-1.0
35,31,-1.0
35,32,0.37870477827968047
35,33,-1.0
35,34,-1.0
35,35,-1.0
35,36,0.3230096692936703
35,37,-1.0
35,38,-1.0
35,39,0.23702833802715972
35,40,0.2896110360075702
35,41,-1.0
35,42,0.17433448502310328
35,43,0.21023367644957208
35,44,-1.0
35,45,0.25627651124360706
35,46,-1.0
35,47,0.13229612963200105
35,48,-1.0
35,49,-1.0
35,50,-1.0
35,51,0.912780292464614
35,52,-1.0
35,53,-1.0
35,54,-1.0
35,55,-1.0
35,56,-1.0
35,57,0.12221788886774765
35,58,-1.0
35,59,-1.0
35,60,-1.0
35,61,-1.0
35,62,-1.0
35,63,0.21911744433621588
35,64,-1.0
35,65,0.029179219475335583
35,66,0.494364463275329
35,67,-1.0
35,68,-1.0
35,69,0.12988543421065535
35,70,-1.0
35,71,-1.0
35,72,-1.0
35,73,-1.0
35,74,-1.0
35,75,-1.0
35,76,-1.0
35,77,-1.0
35,78,-1.0
35,79,-1.0
35,80,-1.0
35,81,0.08574892935305695
35,82,-1.0
35,83,-1.0
35,84,-1.0
35,85,-1.0
35,86,-1.0
35,87,-1.0
35,88,-1.0
35,89,-1.0
35,90,-1.0
35,91,-1.0
35,92,0.9544146253694633
35,93,-1.0
35,94,-1.0
35,95,-1.0
35,96,-1.0
35,97,-1.0
35,98,-1.0
35,99,-1.0
35,100,-1.0
35,101,-1.0
35,102,-1.0
35,103,-1.0
35,104,-1.0
35,105,-1.0
35,106,-1.0
35,107,-1.0
35,108,-1.0
35,109,-1.0
35,110,0.3545032106206334
35,111,0.48827414769334126
36,0,-1.0
36,1,-1.0
36,2,0.3760220650200009
36,3,-1.0
36,4,-1.0
36,5,-1.0
36,6,-1.0
36,7,-1.0
36,8,-1.0
36,9,-1.0
36,10,0.9438820778107148
36,11,-1.0
36,12,-1.0
36,13,-1.0
36,14,0.2861536261117782
36,15,0.37223222780522036
36,16,-1.0
36,17,0.1593957457619184
36,18,-1.0
36,19,-1.0
36,20,-1.0
36,21,-1.0
36,22,-1.0
36,23,-1.0
36,24,-1.0
36,25,0.26642539877967186
36,26,-1.0
36,27,-1.0
36,28,-1.0
36,29,-1.0
36,30,-1.0
36,31,-1.0
36,32,0.8398588809910611
36,33,0.9219095849334952
36,34,0.8854188072312819
36,35,0.8590129926333333
36,36,-1.0
36,37,-1.0
36,38,0.40819110657493224
36,39,-1.0
36,40,-1.0
36,41,-1.0
36,42,-1.0
36,43,0.17624579865986895
36,44,-1.0
36,45,-1.0
36,46,0.4029528293187427
36,47,-1.0
36,48,-1.0
36,49,-1.0
36,50,-1.0
36,51,-1.0
36,52,-1.0
36,53,0.26702979898496576
36,54,-1.0
36,55,-1.0
36,56,-1.0
36,57,-1.0
36,58,-1.0
36,59,0.9546486875403308
36,60,-1.0
36,61,-1.0
36,62,-1.0
36,63,-1.0
36,64,-1.0
36,65,-1.0
36,66,-1.0
36,67,0.26748221268497585
36,68,-1.0
36,69,-1.0
36,70,-1.0
36,71,-1.0
36,72,-1.0
36,73,-1.0
36,74,-1.0
36,75,-1.0
36,76,0.755700813741087
36,77,-1.0
36,78,-1.0
36,79,-1.0
36,80,-1.0
36,81,-1.0
36,82,-1.0
36,83,-1.0
36,84,-1.0
36,85,-1.0
36,86,-1.0
36,87,0.37539811516621524
36,88,-1.0
36,89,-1.0
36,90,-1.0
36,91,-1.0
36,92,-1.0
36,93,-1.0
36,94,-1.0
36,95,-1.0
36,96,-1.0
36,97,-1.0
36,98,-1.0
36,99,-1.0
36,100,-1.0
36,101,-1.0
36,102,-1.0
36,103,0.13109639553606162
36,104,-1.0
36,105,0.12901897810241691
36,106,-1.0
36,107,-1.0
36,108,-1.0
36,109,-1.0
36,110,-1.0
36,111,-1.0
37,0,-1.0
37,1,-1.0
37,2,-1.0
37,3,0.47668569177173054
37,4,-1.0
37,5,-1.0
37,6,-1.0
37,7,-1.0
37,8,-1.0
37,9,-1.0
37,10,0.24177563441861322
37,11,-1.0
37,12,-1.0
37,13,-1.0
37,14,-1.0
37,15,-1.0
37,16,-1.0
37,17,0.7887510480546205
37,18,-1.0
37,19,0.2805207536099858
37,20,-1.0
37,21,-1.0
37,22,-1.0
37,23,0.05053009838490591
37,24,-1.0
37,25,-1.0
37,26,-1.0
37,27,-1.0
37,28,-1.0
37,29,-1.0
37,30,-1.0
37,31,-1.0
37,32,-1.0
37,33,-1.0
37,34,0.48543260690580453
37,35,-1.0
37,36,-1.0
37,37,-1.0
37,38,-1.0
37,39,-1.0
37,40,-1.0
37,41,-1.0
37,42,-1.0
37,43,-1.0
37,44,-1.0
37,45,-1.0
37,46,-1.0
37,47,-1.0
37,48,-1.0
37,49,-1.0
37,50,-1.0
37,51,-1.0
37,52,-1.0
37,53,-1.0
37,54,-1.0
37,55,-1.0
37,56,-1.0
37,57,-1.0
37,58,-1.0
37,59,-1.0
37,60,-1.0
37,61,-1.0
37,62,-1.0
37,63,-1.0
37,64,0.9627019238209726
37,65,-1.0
37,66,-1.0
37,67,-1.0
37,68,-1.0
37,69,-1.0
37,70,-1.0
37,71,-1.0
37,72,-1.0
37,73,-1.0
37,74,-1.0
37,75,-1.0
37,76,-1.0
37,77,-1.0
37,78,0.7122790925465377
37,79,-1.0
37,80,-1.0
37,81,-1.0
37,82,-1.0
37,83,0.034143313364770056
37,84,-1.0
37,85,-1.0
37,86,-1.0
37,87,0.25112762099639496
37,88,-1.0
37,89,-1.0
37,90,-1.0
37,91,-1.0
37,92,0.3246230493351511
37,93,-1.0
37,94,-1.0
37,95,0.0900830117986956
37,96,-1.0
37,97,0.336022748714827
37,98,-1.0
37,99,0.31817129236027014
37,100,-1.0
37,101,0.764622291404368
37,102,-1.0
37,103,-1.0
37,104,-1.0
37,105,-1.0
37,106,-1.0
37,107,-1.0
37,108,-1.0
37,109,-1.0
37,110,-1.0
37,111,-1.0
38,0,-1.0
38,1,-1.0
38,2,-1.0
38,3,0.9894356573128176
38,4,0.9116182241251194
38,5,-1.0
38,6,-1.0
38,7,-1.0
38,8,-1.0
38,9,-1.0
38,10,-1.0
38,11,-1.0
38,12,-1.0
38,13,-1.0
38,14,0.1436491937017793
38,15,-1.0
38,16,-1.0
38,17,-1.0
38,18,0.4197530967365455
38,19,-1.0
38,20,-1.0
38,21,-1.0
38,22,-1.0
38,23,-1.0
38,24,-1.0
38,25,-1.0
38,26,0.9076240878776013
38,27,-1.0
38,28,-1.0
38,29,-1.0
38,30,-1.0
38,31,-1.0
38,32,-1.0
38,33,-1.0
38,34,-1.0
38,35,0.29457115711173937
38,36,-1.0
38,37,-1.0
38,38,-1.0
38,39,-1.0
38,40,-1.0
38,41,0.009297423120036397
38,42,-1.0
38,43,-1.0
38,44,-1.0
38,45,-1.0
38,46,-1.0
38,47,-1.0
38,48,-1.0
38,49,-1.0
38,50,0.9072456518662851
38,51,0.9525259743715087
38,52,0.7978083674974458
38,53,-1.0
38,54,-1.0
38,55,-1.0
38,56,-1.0
38,57,-1.0
38,58,-1.0
38,59,-1.0
38,60,-1.0
38,61,0.044150953592246245
38,62,-1.0
38,63,-1.0
38,64,-1.0
38,65,0.017862227380852136
38,66,-1.0
38,67,-1.0
38,68,-1.0
38,69,-1.0
38,70,0.05386468172142089
38,71,0.3869785064053453
38,72,0.7566835510791933
38,73,-1.0
38,74,-1.0
38,75,-1.0
38,76,-1.0
38,77,0.20503661760875613
38,78,-1.0
38,79,-1.0
38,80,0.02878913823747198
38,81,0.16975921573819802
38,82,-1.0
38,83,-1.0
38,84,-1.0
38,85,-1.0
38,86,-1.0
38,87,-1.0
38,88,0.7563210216871862
38,89,-1.0
38,90,-1.0
38,91,-1.0
38,92,-1.0
38,93,0.9686299664395401
38,94,-1.0
38,95,-1.0
38,96,0.1726020321692434
38,97,-1.0
38,98,0.06276879452380452
38,99,-1.0
38,100,-1.0
38,101,-1.0
38,102,0.3449197889266929
38,103,-1.0
38,104,-1.0
38,105,-1.0
38,106,-1.0
38,107,0.2870748648143442
38,108,-1.0
38,109,0.3780171911975633
38,110,0.44844573256264
38,111,0.06904999220188601
39,0,-1.0
39,1,0.19215476676775195
39,2,-1.0
39,3,0.3241835659056505
39,4,-1.0
39,5,-1.0
39,6,-1.0
39,7,-1.0
39,8,-1.0
39,9,-1.0
39,10,-1.0
39,11,-1.0
39,12,-1.0
39,13,0.3959116634370045
39,14,-1.0
39,15,-1.0
39,16,0.4472287977688514
39,17,0.37811871254638985
39,18,-1.0
39,19,-1.0
39,20,0.7685896886537906
39,21,-1.0
39,22,-1.0
39,23,-1.0
39,24,-1.0
39,25,-1.0
39,26,-1.0
39,27,-1.0
39,28,-1.0
39,29,0.4036679763243697
39,30,-1.0
39,31,-1.0
39,32,-1.0
39,33,-1.0
39,34,-1.0
39,35,-1.0
39,36,-1.0
39,37,-1.0
39,38,-1.0
39,39,-1.0
39,40,-1.0
39,41,0.17671175388083288
39,42,-1.0
39,43,-1.0
39,44,-1.0
39,45,-1.0
39,46,-1.0
39,47,0.8761821894699253
39,48,-1.0
39,49,-1.0
39,50,-1.0
39,51,-1.0
39,52,-1.0
39,53,-1.0
39,54,-1.0
39,55,0.06834601213324237
39,56,-1.0
39,57,0.4772658283804739
39,58,-1.0
39,59,-1.0
39,60,-1.0
39,61,-1.0
39,62,-1.0
39,63,-1.0
39,64,0.4089052439909395
39,65,-1.0
39,66,-1.0
39,67,0.8429056855422759
39,68,-1.0
39,69,-1.0
39,70,-1.0
39,71,-1.0
39,72,-1.0
39,73,0.46717299902440396
39,74,-1.0
39,75,-1.0
39,76,0.15300155046364394
39,77,-1.0
39,78,0.4297408733498843
39,79,-1.0
39,80,0.8519526427767659
39,81,-1.0
39,82,-1.0
39,83,-1.0
39,84,-1.0
39,85,-1.0
39,86,0.9888034722844463
39,87,0.8340787103545292
39,88,-1.0
39,89,-1.0
39,90,-1.0
39,91,0.08173129433320203
39,92,-1.0
39,93,-1.0
39,94,-1.0
39,95,-1.0
39,96,-1.0
39,97,-1.0
39,98,-1.0
39,99,-1.0
39,100,-1.0
39,101,-1.0
39,102,-1.0
39,103,-1.0
39,104,0.004334119066907394
39,105,-1.0
39,106,-1.0
39,107,-1.0
39,108,-1.0
39,109,-1.0
39,110,-1.0
39,111,-1.0
40,0,-1.0
40,1,-1.0
40,2,-1.0
40,3,-1.0
40,4,-1.0
40,5,-1.0
40,6,-1.0
40,7,-1.0
40,8,-1.0
40,9,0.23702626202748606
40,10,-1.0
40,11,-1.0
40,12,-1.0
40,13,-1.0
40,14,-1.0
40,15,-1.0
40,16,-1.0
40,17,-1.0
40,18,-1.0
40,19,-1.0
40,20,-1.0
40,21,-1.0
40,22,-1.0
40,23,-1.0
40,24,-1.0
40,25,0.23273465263926818
40,26,-1.0
40,27,-1.0
40,28,-1.0
40,29,-1.0
40,30,-1.0
40,31,-1.0
40,32,-1.0
40,33,0.3906552789216888
40,34,-1.0
40,35,-1.0
40,36,0.8679693464205366
40,37,-1.0
40,38,-1.0
40,39,-1.0
40,40,-1.0
40,41,-1.0
40,42,-1.0
40,43,-1.0
40,44,0.2614080501472866
40,45,-1.0
40,46,-1.0
40,47,-1.0
40,48,0.32242540359651867
40,49,-1.0
40,50,-1.0
40,51,0.1294887766623627
40,52,-1.0
40,53,-1.0
40,54,-1.0
40,55,-1.0
40,56,-1.0
40,57,0.40960133548898275
40,58,-1.0
40,59,-1.0
40,60,-1.0
40,61,-1.0
40,62,-1.0
40,63,-1.0
40,64,0.8370792513774495
40,65,-1.0
40,66,-1.0
40,67,-1.0
40,68,0.1490353715635127
40,69,-1.0
40,70,0.48690061105364246
40,71,-1.0
40,72,0.1814481994882564
40,73,-1.0
40,74,-1.0
40,75,-1.0
40,76,-1.0
40,77,-1.0
40,78,0.7297066083128305
40,79,-1.0
40,80,0.2060379251647228
40,81,-1.0
40,82,-1.0
40,83,-1.0
40,84,-1.0
40,85,-1.0
40,86,0.022152241774642534
40,87,-1.0
40,88,-1.0
40,89,-1.0
40,90,-1.0
40,91,-1.0
40,92,-1.0
40,93,-1.0
40,94,-1.0
40,95,-1.0
40,96,0.28189996889051183
40,97,0.11384256027311862
40,98,-1.0
40,99,-1.0
40,100,-1.0
40,101,0.9908610370818677
40,102,0.7515439351756042
40,103,-1.0
40,104,-1.0
40,105,-1.0
40,106,-1.0
40,107,-1.0
40,108,0.39589180712577876
40,109,-1.0
40,110,-1.0
40,111,-1.0
41,0,-1.0
41,1,-1.0
41,2,-1.0
41,3,-1.0
41,4,0.7364380554802704
41,5,0.9559278164939028
41,6,-1.0
41,7,-1.0
41,8,0.3529344541397019
41,9,-1.0
41,10,0.08056241304568856
41,11,-1.0
41,12,-1.0
41,13,-1.0
41,14,-1.0
41,15,-1.0
41,16,-1.0
41,17,-1.0
41,18,-1.0
41,19,-1.0
41,20,-1.0
41,21,-1.0
41,22,-1.0
41,23,-1.0
41,24,-1.0
41,25,-1.0
41,26,-1.0
41,27,-1.0
41,28,-1.0
41,29,0.7078054065178823
41,30,-1.0
41,31,-1.0
41,32,0.23764224417403068
41,33,-1.0
41,34,-1.0
41,35,-1.0
41,36,-1.0
41,37,-1.0
41,38,0.14622334270079662
41,39,-1.0
41,40,-1.0
41,41,-1.0
41,42,-1.0
41,43,-1.0
41,44,-1.0
41,45,0.19942282663346067
41,46,-1.0
41,47,-1.0
41,48,-1.0
41,49,-1.0
41,50,-1.0
41,51,-1.0
41,52,-1.0
41,53,-1.0
41,54,-1.0
41,55,-1.0
41,56,-1.0
41,57,-1.0
41,58,0.4398878672075286
41,59,-1.0
41,60,-1.0
41,61,-1.0
41,62,-1.0
41,63,-1.0
41,64,-1.0
41,65,-1.0
41,66,-1.0
41,67,-1.0
41,68,-1.0
41,69,-1.0
41,70,0.05457748101712179
41,71,-1.0
41,72,-1.0
41,73,-1.0
41,74,-1.0
41,75,-1.0
41,76,-1.0
41,77,-1.0
41,78,-1.0
41,79,-1.0
41,80,-1.0
41,81,-1.0
41,82,-1.0
41,83,-1.0
41,84,-1.0
41,85,-1.0
41,86,-1.0
41,87,-1.0
41,88,-1.0
41,89,-1.0
41,90,0.9674541703727868
41,91,-1.0
41,92,-1.0
41,93,-1.0
41,94,-1.0
41,95,-1.0
41,96,-1.0
41,97,-1.0
41,98,-1.0
41,99,-1.0
41,100,-1.0
41,101,0.21476314477997327
41,102,0.4453157168978168
41,103,0.07896079322328553
41,104,-1.0
41,105,-1.0
41,106,0.39804710881049427
41,107,-1.0
41,108,-1.0
41,109,-1.0
41,110,-1.0
41,111,-1.0
42,0,-1.0
42,1,-1.0
42,2,-1.0
42,3,-1.0
42,4,0.14718301853853538
42,5,-1.0
42,6,-1.0
42,7,-1.0
42,8,-1.0
42,9,-1.0
42,10,0.37085164925644404
42,11,-1.0
42,12,-1.0
42,13,-1.0
42,14,-1.0
42,15,-1.0
42,16,-1.0
42,17,-1.0
42,18,0.8899814686913632
42,19,-1.0
42,20,-1.0
42,21,-1.0
42,22,-1.0
42,23,-1.0
42,24,0.058906785905281034
42,25,0.1033643474347189
42,26,-1.0
42,27,-1.0
42,28,-1.0
42,29,-1.0
42,30,-1.0
42,31,0.03816581704396255
42,32,0.22434515725782567
42,33,-1.0
42,34,-1.0
42,35,-1.0
42,36,-1.0
42,37,0.3551690478349726
42,38,-1.0
42,39,-1.0
42,40,-1.0
42,41,-1.0
42,42,-1.0
42,43,-1.0
42,44,-1.0
42,45,-1.0
42,46,-1.0
42,47,0.9012502556505064
42,48,-1.0
42,49,-1.0
42,50,-1.0
42,51,-1.0
42,52,-1.0
42,53,-1.0
42,54,-1.0
42,55,-1.0
42,56,0.16670755329442222
42,57,-1.0
42,58,-1.0
42,59,0.19478113448299855
42,60,-1.0
42,61,-1.0
42,62,-1.0
42,63,-1.0
42,64,-1.0
42,65,-1.0
42,66,-1.0
42,67,-1.0
42,68,-1.0
42,69,-1.0
42,70,-1.0
42,71,-1.0
42,72,-1.0
42,73,-1.0
42,74,0.44961812318563704
42,75,-1.0
42,76,-1.0
42,77,-1.0
42,78,-1.0
42,79,-1.0
42,80,-1.0
42,81,-1.0
42,82,-1.0
42,83,-1.0
42,84,-1.0
42,85,-1.0
42,86,-1.0
42,87,0.9837472208025313
42,88,-1.0
42,89,-1.0
42,90,-1.0
42,91,0.49653584772169895
42,92,-1.0
42,93,0.08141156441197223
42,94,-1.0
42,95,-1.0
42,96,-1.0
42,97,-1.0
42,98,-1.0
42,99,-1.0
42,100,-1.0
42,101,-1.0
42,102,-1.0
42,103,-1.0
42,104,-1.0
42,105,-1.0
42,106,0.8173369916902512
42,107,-1.0
42,108,-1.0
42,109,-1.0
42,110,-1.0
42,111,-1.0
43,0,-1.0
43,1,-1.0
43,2,-1.0
43,3,-1.0
43,4,-1.0
43,5,-1.0
43,6,-1.0
43,7,0.01905951609728923
43,8,-1.0
43,9,-1.0
43,10,-1.0
43,11,-1.0
43,12,-1.0
43,13,-1.0
43,14,-1.0
43,15,0.04584930744165916
43,16,-1.0
43,17,-1.0
43,18,-1.0
43,19,0.3256497828144787
43,20,-1.0
43,21,-1.0
43,22,-1.0
43,23,-1.0
43,24,0.963056469914024
43,25,-1.0
43,26,-1.0
43,27,-1.0
43,28,0.8472964766707867
43,29,-1.0
43,30,-1.0
43,31,-1.0
43,32,-1.0
43,33,-1.0
43,34,-1.0
43,35,-1.0
43,36,-1.0
43,37,0.12658712783667275
43,38,0.074530223017378
43,39,-1.0
43,40,-1.0
43,41,-1.0
43,42,-1.0
43,43,-1.0
43,44,-1.0
43,45,-1.0
43,46,-1.0
43,47,-1.0
43,48,-1.0
43,49,-1.0
43,50,-1.0
43,51,-1.0
43,52,-1.0
43,53,-1.0
43,54,-1.0
43,55,-1.0
43,56,0.15446898816665472
43,57,-1.0
43,58,-1.0
43,59,-1.0
43,60,-1.0
43,61,-1.0
43,62,0.3178989401225712
43,63,-1.0
43,64,0.03494891781181175
43,65,-1.0
43,66,-1.0
43,67,-1.0
43,68,0.0323904052147192
43,69,-1.0
43,70,-1.0
43,71,-1.0
43,72,-1.0
43,73,-1.0
43,74,-1.0
43,75,-1.0
43,76,-1.0
43,77,-1.0
43,78,-1.0
43,79,0.00693791922522452
43,80,-1.0
43,81,-1.0
43,82,-1.0
43,83,-1.0
43,84,-1.0
43,85,-1.0
43,86,-1.0
43,87,0.07123928937487684
43,88,-1.0
43,89,-1.0
43,90,-1.0
43,91,-1.0
43,92,-1.0
43,93,-1.0
43,94,-1.0
43,95,-1.0
43,96,-1.0
43,97,-1.0
43,98,-1.0
43,99,-1.0
43,100,-1.0
43,101,0.047895935015927316
43,102,-1.0
43,103,0.08438874854786627
43,104,-1.0
43,105,-1.0
43,106,0.03652582655802089
43,107,-1.0
43,108,0.41681302806228343
43,109,-1.0
43,110,-1.0
43,111,-1.0
44,0,-1.0
44,1,-1.0
44,2,-1.0
44,3,-1.0
44,4,-1.0
44,5,-1.0
44,6,-1.0
44,7,0.2708327075069509
44,8,0.21286319918204694
44,9,-1.0
44,10,-1.0
44,11,-1.0
44,12,-1.0
44,13,0.3891763391837383
44,14,-1.0
44,15,-1.0
44,16,0.46599091296226114
44,17,-1.0
44,18,-1.0
44,19,-1.0
44,20,-1.0
44,21,0.9875578334628562
44,22,-1.0
44,23,-1.0
44,24,-1.0
44,25,-1.0
44,26,-1.0
44,27,-1.0
44,28,-1.0
44,29,-1.0
44,30,-1.0
44,31,-1.0
44,32,-1.0
44,33,-1.0
44,34,-1.0
44,35,0.19851331425351598
44,36,-1.0
44,37,-1.0
44,38,-1.0
44,39,-1.0
44,40,-1.0
44,41,-1.0
44,42,-1.0
44,43,-1.0
44,44,-1.0
44,45,-1.0
44,46,-1.0
44,47,-1.0
44,48,-1.0
44,49,0.44552191950480907
44,50,-1.0
44,51,-1.0
44,52,-1.0
44,53,-1.0
44,54,0.42112912368691974
44,55,-1.0
44,56,0.144696929651631
44,57,-1.0
44,58,-1.0
44,59,-1.0
44,60,-1.0
44,61,-1.0
44,62,-1.0
44,63,-1.0
44,64,-1.0
44,65,-1.0
44,66,-1.0
44,67,-1.0
44,68,0.8309422946483734
44,69,-1.0
44,70,-1.0
44,71,-1.0
44,72,-1.0
44,73,-1.0
44,74,-1.0
44,75,-1.0
44,76,0.4224233159707143
44,77,-1.0
44,78,-1.0
44,79,-1.0
44,80,-1.0
44,81,-1.0
44,82,0.4746931899921723
44,83,-1.0
44,84,-1.0
44,85,-1.0
44,86,0.7420347544667513
44,87,-1.0
44,88,-1.0
44,89,0.4785307568105603
44,90,-1.0
44,91,-1.0
44,92,-1.0
44,93,-1.0
44,94,0.3642717178131433
44,95,0.25567213189420573
44,96,-1.0
44,97,-1.0
44,98,-1.0
44,99,0.37830363134084216
44,100,-1.0
44,101,-1.0
44,102,0.11279088707002632
44,103,-1.0
44,104,-1.0
44,105,-1.0
44,106,-1.0
44,107,-1.0
44,108,-1.0
44,109,0.9758335347028557
44,110,-1.0
44,111,0.8101245090653519
45,0,-1.0
45,1,-1.0
45,2,-1.0
45,3,-1.0
45,4,0.25263480312624453
45,5,-1.0
45,6,-1.0
45,7,-1.0
45,8,-1.0
45,9,-1.0
45,10,-1.0
45,11,0.22831830629999433
45,12,0.7121683923771134
45,13,0.8292576620109323
45,14,-1.0
45,15,-1.0
45,16,-1.0
45,17,0.7188647843687617
45,18,-1.0
45,19,-1.0
45,20,-1.0
45,21,-1.0
45,22,-1.0
45,23,-1.0
45,24,-1.0
45,25,-1.0
45,26,-1.0
45,27,-1.0
45,28,-1.0
45,29,-1.0
45,30,0.42875996771824876
45,31,-1.0
45,32,-1.0
45,33,-1.0
45,34,-1.0
45,35,-1.0
45,36,-1.0
45,37,-1.0
45,38,-1.0
45,39,-1.0
45,40,-1.0
45,41,0.7418250045813823
45,42,0.3778042356483139
45,43,-1.0
45,44,0.42003568420829707
45,45,-1.0
45,46,-1.0
45,47,-1.0
45,48,-1.0
45,49,-1.0
45,50,-1.0
45,51,-1.0
45,52,0.10013638883675008
45,53,-1.0
45,54,0.4115258319247441
45,55,0.1022278455643727
45,56,-1.0
45,57,-1.0
45,58,-1.0
45,59,-1.0
45,60,-1.0
45,61,0.9856987237650545
45,62,0.989590184939859
45,63,-1.0
45,64,-1.0
45,65,-1.0
45,66,-1.0
45,67,-1.0
45,68,-1.0
45,69,0.0931095827616703
45,70,-1.0
45,71,-1.0
45,72,-1.0
45,73,-1.0
45,74,0.2755864384379285
45,75,-1.0
45,76,-1.0
45,77,-1.0
45,78,-1.0
45,79,-1.0
45,80,0.11572088140280806
45,81,-1.0
45,82,-1.0
45,83,-1.0
45,84,-1.0
45,85,-1.0
45,86,-1.0
45,87,-1.0
45,88,-1.0
45,89,-1.0
45,90,-1.0
45,91,-1.0
45,92,-1.0
45,93,-1.0
45,94,-1.0
45,95,0.3770625788139968
45,96,-1.0
45,97,-1.0
45,98,-1.0
45,99,-1.0
45,100,-1.0
45,101,-1.0
45,102,0.7787641686075569
45,103,-1.0
45,104,-1.0
45,105,-1.0
45,106,0.037788116631832847
45,107,0.068373070794359
45,108,-1.0
45,109,0.1027280000889409
45,110,-1.0
45,111,-1.0
46,0,0.8695608842143996
46,1,-1.0
46,2,-1.0
46,3,0.9404593486619999
46,4,-1.0
46,5,-1.0
46,6,-1.0
46,7,-1.0
46,8,-1.0
46,9,-1.0
46,10,0.18909828474966056
46,11,-1.0
46,12,-1.0
46,13,-1.0
46,14,-1.0
46,15,-1.0
46,16,-1.0
46,17,-1.0
46,18,-1.0
46,19,-1.0
46,20,0.19924122124884625
46,21,-1.0
46,22,-1.0
46,23,-1.0
46,24,-1.0
46,25,-1.0
46,26,-1.0
46,27,-1.0
46,28,-1.0
46,29,-1.0
46,30,0.27450767906282775
46,31,0.2777012477478042
46,32,-1.0
46,33,-1.0
46,34,-1.0
46,35,-1.0
46,36,-1.0
46,37,-1.0
46,38,-1.0
46,39,-1.0
46,40,0.16518817539661668
46,41,-1.0
46,42,-1.0
46,43,-1.0
46,44,-1.0
46,45,-1.0
46,46,-1.0
46,47,-1.0
46,48,-1.0
46,49,0.7341949629693405
46,50,-1.0
46,51,-1.0
46,52,-1.0
46,53,-1.0
46,54,-1.0
46,55,0.3935635050892141
46,56,-1.0
46,57,-1.0
46,58,-1.0
46,59,-1.0
46,60,-1.0
46,61,0.2700115020862734
46,62,0.3275105018935392
46,63,-1.0
46,64,0.22498464644530164
46,65,-1.0
46,66,-1.0
46,67,-1.0
46,68,-1.0
46,69,-1.0
46,70,-1.0
46,71,0.1041647573462946
46,72,-1.0
46,73,-1.0
46,74,-1.0
46,75,-1.0
46,76,-1.0
46,77,-1.0
46,78,-1.0
46,79,0.10914519887480578
46,80,-1.0
46,81,0.43999474205400774
46,82,-1.0
46,83,-1.0
46,84,-1.0
46,85,-1.0
46,86,-1.0
46,87,-1.0
46,88,-1.0
46,89,-1.0
46,90,-1.0
46,91,0.9755060771168462
46,92,-1.0
46,93,-1.0
46,94,0.09940226113973166
46,95,-1.0
46,96,-1.0
46,97,0.10983180141284127
46,98,0.29001913459879797
46,99,-1.0
46,100,-1.0
46,101,-1.0
46,102,-1.0
46,103,-1.0
46,104,-1.0
46,105,-1.0
46,106,0.030116197643062226
46,107,-1.0
46,108,-1.0
46,109,-1.0
46,110,-1.0
46,111,-1.0
47,0,0.3368840475469986
47,1,-1.0
47,2,-1.0
47,3,0.2913294424216582
47,4,-1.0
47,5,0.3862626760837483
47,6,-1.0
47,7,-1.0
47,8,-1.0
47,9,-1.0
47,10,-1.0
47,11,-1.0
47,12,-1.0
47,13,-1.0
47,14,-1.0
47,15,0.9637121701729322
47,16,-1.0
47,17,0.7573126990050585
47,18,-1.0
47,19,0.04356940626679179
47,20,0.44840492646076113
47,21,-1.0
47,22,-1.0
47,23,-1.0
47,24,-1.0
47,25,-1.0
47,26,-1.0
47,27,-1.0
47,28,-1.0
47,29,-1.0
47,30,0.10908100285293088
47,31,-1.0
47,32,-1.0
47,33,-1.0
47,34,-1.0
47,35,-1.0
47,36,0.7015346643099751
47,37,-1.0
47,38,-1.0
47,39,0.7682768128276196
47,40,-1.0
47,41,0.7256792980340316
47,42,-1.0
47,43,-1.0
47,44,-1.0
47,45,-1.0
47,46,-1.0
47,47,-1.0
47,48,-1.0
47,49,-1.0
47,50,-1.0
47,51,-1.0
47,52,-1.0
47,53,-1.0
47,54,-1.0
47,55,-1.0
47,56,-1.0
47,57,0.4957873683232257
47,58,0.12905828874968395
47,59,0.10642592191775774
47,60,-1.0
47,61,-1.0
47,62,0.8787376059578527
47,63,-1.0
47,64,-1.0
47,65,-1.0
47,66,-1.0
47,67,-1.0
47,68,-1.0
47,69,-1.0
47,70,-1.0
47,71,-1.0
47,72,0.034265323645175316
47,73,-1.0
47,74,0.2648071658510922
47,75,-1.0
47,76,-1.0
47,77,-1.0
47,78,-1.0
47,79,-1.0
47,80,-1.0
47,81,-1.0
47,82,-1.0
47,83,-1.0
47,84,-1.0
47,85,0.8757766981555669
47,86,-1.0
47,87,-1.0
47,88,-1.0
47,89,-1.0
47,90,0.4662686776181302
47,91,-1.0
47,92,-1.0
47,93,-1.0
47,94,-1.0
47,95,0.21082522112478863
47,96,-1.0
47,97,-1.0
47,98,-1.0
47,99,-1.0
47,100,-1.0
47,101,-1.0
47,102,-1.0
47,103,-1.0
47,104,-1.0
47,105,-1.0
47,106,-1.0
47,107,-1.0
47,108,-1.0
47,109,0.15360766762868
47,110,-1.0
47,111,-1.0
48,0,-1.0
48,1,-1.0
48,2,-1.0
48,3,-1.0
48,4,-1.0
48,5,-1.0
48,6,-1.0
48,7,-1.0
48,8,-1.0
48,9,-1.0
48,10,-1.0
48,11,-1.0
48,12,-1.0
48,13,0.18475902155236812
48,14,-1.0
48,15,-1.0
48,16,-1.0
48,17,-1.0
48,18,-1.0
48,19,-1.0
48,20,-1.0
48,21,-1.0
48,22,-1.0
48,23,0.36181670389705933
48,24,-1.0
48,25,0.999921141733418
48,26,-1.0
48,27,-1.0
48,28,0.9560369798526591
48,29,-1.0
48,30,-1.0
48,31,-1.0
48,32,-1.0
48,33,-1.0
48,34,-1.0
48,35,0.020027937643614546
48,36,-1.0
48,37,-1.0
48,38,-1.0
48,39,-1.0
48,40,-1.0
48,41,-1.0
48,42,-1.0
48,43,-1.0
48,44,-1.0
48,45,-1.0
48,46,0.30680811564001814
48,47,-1.0
48,48,-1.0
48,49,-1.0
48,50,-1.0
48,51,-1.0
48,52,-1.0
48,53,-1.0
48,54,-1.0
48,55,-1.0
48,56,0.4000921126293517
48,57,0.46054218027664373
48,58,-1.0
48,59,-1.0
48,60,-1.0
48,61,-1.0
48,62,-1.0
48,63,0.4782116561230345
48,64,-1.0
48,65,-1.0
48,66,-1.0
48,67,-1.0
48,68,-1.0
48,69,-1.0
48,70,-1.0
48,71,-1.0
48,72,-1.0
48,73,-1.0
48,74,0.1804588314436219
48,75,-1.0
48,76,-1.0
48,77,0.2960389450467595
48,78,-1.0
48,79,-1.0
48,80,-1.0
48,81,-1.0
48,82,-1.0
48,83,-1.0
48,84,-1.0
48,85,-1.0
48,86,-1.0
48,87,-1.0
48,88,-1.0
48,89,-1.0
48,90,-1.0
48,91,-1.0
48,92,-1.0
48,93,-1.0
48,94,-1.0
48,95,-1.0
48,96,-1.0
48,97,-1.0
48,98,-1.0
48,99,-1.0
48,100,0.46482084546091657
48,101,-1.0
48,102,-1.0
48,103,-1.0
48,104,-1.0
48,105,-1.0
48,106,-1.0
48,107,-1.0
48,108,-1.0
48,109,-1.0
48,110,0.2922447015411413
48,111,-1.0
49,0,0.0659488668591901
49,1,0.0714266383549847
49,2,-1.0
49,3,-1.0
49,4,0.44523018386215374
49,5,-1.0
49,6,-1.0
49,7,0.36874485707221427
49,8,-1.0
49,9,0.030047131586945164
49,10,-1.0
49,11,-1.0
49,12,-1.0
49,13,-1.0
49,14,-1.0
49,15,0.08069223031921768
49,16,-1.0
49,17,-1.0
49,18,-1.0
49,19,0.902987387017632
49,20,-1.0
49,21,0.863217294168202
49,22,-1.0
49,23,-1.0
49,24,-1.0
49,25,-1.0
49,26,0.26843799385940503
49,27,-1.0
49,28,-1.0
49,29,-1.0
49,30,-1.0
49,31,-1.0
49,32,-1.0
49,33,-1.0
49,34,-1.0
49,35,-1.0
49,36,-1.0
49,37,-1.0
49,38,-1.0
49,39,-1.0
49,40,-1.0
49,41,-1.0
49,42,-1.0
49,43,-1.0
49,44,-1.0
49,45,-1.0
49,46,-1.0
49,47,-1.0
49,48,-1.0
49,49,0.2343665016454332
49,50,-1.0
49,51,-1.0
49,52,-1.0
49,53,-1.0
49,54,-1.0
49,55,-1.0
49,56,-1.0
49,57,-1.0
49,58,-1.0
49,59,-1.0
49,60,-1.0
49,61,-1.0
49,62,-1.0
49,63,0.1347059639168381
49,64,-1.0
49,65,-1.0
49,66,0.9803140591818345
49,67,0.9585519270674221
49,68,0.9769672848545985
49,69,-1.0
49,70,-1.0
49,71,-1.0
49,72,-1.0
49,73,-1.0
49,74,-1.0
49,75,-1.0
49,76,-1.0
49,77,-1.0
49,78,-1.0
49,79,-1.0
49,80,0.8502936118251865
49,81,-1.0
49,82,0.2299196978413251
49,83,-1.0
49,84,0.08239846572092818
49,85,-1.0
49,86,-1.0
49,87,-1.0
49,88,-1.0
49,89,-1.0
49,90,-1.0
49,91,-1.0
49,92,-1.0
49,93,-1.0
49,94,-1.0
49,95,-1.0
49,96,-1.0
49,97,-1.0
49,98,-1.0
49,99,-1.0
49,100,-1.0
49,101,-1.0
49,102,-1.0
49,103,-1.0
49,104,-1.0
49,105,-1.0
49,106,0.7884825313094392
49,107,-1.0
49,108,-1.0
49,109,-1.0
49,110,-1.0
49,111,0.748128756534909
